id,formattedName,credentials,organization
b9251c76-e1e6-4634-821f-904fb6b50857,Linn Braycotton,xkonto,Institutionen för litteratur
4383b988-4168-4263-91d2-441299ea5e65,Bibby Daubney,xkonto,Institutionen för neurovetenskap och fysiologi
63f43ba5-fd4f-4e5f-8eb9-a50d8ffd2842,Harry Reven,xkonto,Institutionen för sociologi och arbetsvetenskap
53cd9f3c-2ce5-4332-8f1b-4899e74b4594,Delainey Sivewright,xkonto,Institutionen för biomedicin
277fcaa1-3b09-4463-b8d5-de2e1f21ad38,Elvin Paddock,xkonto,Statsvetenskapliga institutionen
e8ac1639-c74f-43fd-8069-0385d1c7668f,Mil Reddish,xkonto,Institutionen för medicin
2ddb83fd-d6c0-4fbd-9362-cacf76a39f47,Adrianne Taggerty,xkonto,Serviceenheten
612c56b1-6c80-4fdc-96ae-208a8f254f86,Katine Pidler,xkonto,Institutionen för fysik
17c9f781-5dff-4d35-99b2-0115de3c8170,Kiley Sherewood,xkonto,Programinstitution för Ämneslärarprogrammet
b1faeb18-cbf7-4b1d-a86f-2e2c2a70a722,Cindy Sweetman,xkonto,Serviceenheten
8254fdaf-46e1-4385-9937-bf690770a95a,Hughie Jzak,xkonto,Institutionen för pedagogik
1d65834f-71c0-4018-9bc7-a4176b7f1e7b,Vivienne Elan,xkonto,Högskolan för scen och musik
159a2ff1-1d73-4a5e-a287-1c7f8bd22813,Nalani Yankin,xkonto,HDK-Valand - Högskolan för konst och design
d74556f9-b0b0-4cf3-b795-ca3910c7f469,Lyn Leslie,xkonto,Psykologiska institutionen
00f64836-24be-475b-9e22-e1e8d65904e0,Elka Bricklebank,xkonto,Institutionen för biologi och miljövetenskap
0787ee80-c7af-4feb-8215-9c881d64b76b,Dita Woolfitt,xkonto,Programinstitutionen för Läkarprogrammet
9929badf-c403-469a-9571-27ba233d4ed2,Rafaelia Trebilcock,xkonto,Psykologiska institutionen
90217d32-46ef-458c-9a27-a8f8abd4c93f,Xenos Francescoccio,xkonto,Institutionen för didaktik och pedagogisk profession
2626f0f2-406c-4ea2-9e2d-cd22043830e7,Ardenia Fulk,xkonto,Institutionen för data- och informationsteknik
186e209a-54d6-4678-8a74-f847522bc45d,Zonnya Bursell,xkonto,Institutionen för didaktik och pedagogisk profession
9142527e-9ac3-4ed0-993a-20f0302d9014,Kory Mennell,xkonto,Institutionen för neurovetenskap och fysiologi
5b1c7e65-91d8-4f7f-b0aa-202622b5fd0b,Barron Simper,xkonto,Institutionen för didaktik och pedagogisk profession
6e6c6a61-198f-4be3-b387-7a808fdeea62,Annadiana Alanbrooke,xkonto,Institutionen för filosofi
778dcde0-6a07-4eb2-8c5a-1c9eed53fc6b,Krispin Conyer,xkonto,Institutionen för matematiska vetenskaper
c2dbe6d2-39e1-4091-b64a-b3fedfe5bb7c,Rozelle Ezele,xkonto,Institutionen för litteratur
1683dd8c-ca70-47e8-8dac-d7d31d731d1b,Keri Bramelt,xkonto,Programinstitutionen för Läkarprogrammet
d921ba69-e560-44d0-800f-8c4f9e42ddc3,Sydney Christofle,xkonto,idéhistoria och religion
9608e1f4-00c5-4306-a8ed-1a0c79cde1eb,Lane Durrand,xkonto,Institutionen för didaktik och pedagogisk profession
76b20ff0-f45b-4a2f-984d-cb597e9fa39b,Candis Berrington,xkonto,Förvaltningshögskolan
88016951-bc5e-496a-ba37-8629dfc4e413,Bunni Stockford,xkonto,Institutionen för medicin
94317d43-ab6d-49f6-b3eb-f406832dc83a,Maria Brok,xkonto,medier och kommunikation
8f41da6e-4f82-4331-a86f-4ebe83101dc6,Bibby Batha,xkonto,Institutionen för neurovetenskap och fysiologi
9a449fff-3786-4372-a4c1-4297861bc4b3,Obediah Ells,xkonto,Institutionen för vårdvetenskap och hälsa
dd0ccc39-8149-4709-8009-0bb3277b995b,Artemus Sarvar,xkonto,Institutionen för globala studier
938e89ad-21af-42e8-accc-a903df37690f,Iolande Joesbury,xkonto,Institutionen för pedagogik och specialpedagogik
46d05d1e-023e-4340-b9a3-9adf1e319a52,Rip Eastham,xkonto,Institutionen för språk och litteraturer
9ac227dd-83ad-4977-9c02-9f125e3e0784,Raimondo Pickover,xkonto,Förvaltningshögskolan
2f715178-a490-4cdd-9c49-13ddce8ca331,Hyacinthie Boskell,xkonto,Institutionen för biologi och miljövetenskap
4ca0e8ea-d0e9-4b2b-b242-6da73217efb2,Leelah Salvage,xkonto,Serviceenheten
37e3f459-ef16-428c-88e5-8a9f6dfec4a1,Norton Handling,xkonto,Institutionen för pedagogik och specialpedagogik
f5e6bbe7-a883-460d-8161-1b1d14a3e5e3,Damiano Nafziger,xkonto,Institutionen för litteratur
ec7a689a-3b45-4201-a512-8cfff3521265,Guendolen Hens,xkonto,Institutionen för kemi och molekylärbiologi
fc5996fe-94a2-4012-8252-719c785d0583,Care Charge,xkonto,Gemensamma förvaltningen
18786a9c-3c5a-41e4-87b1-03981195380f,Alford Plaid,xkonto,Institutionen för tillämpad informationsteknologi
95842095-6119-49d3-af3e-fb7648baf31c,Alanson Wisam,xkonto,Institutionen för data- och informationsteknik
8ccf296b-7779-41fc-952f-9bd57d036132,Jere Scramage,xkonto,Institutionen för biologi och miljövetenskap
5b698903-e3db-4c88-a5d0-a4b1cd263eb6,Hakeem Binne,xkonto,Institutionen för kost- och idrottsvetenskap
d21332e8-5137-47fc-bd76-55ac0886b644,Kristal Hallifax,xkonto,kommunikation och lärande
c87f15c4-0c9b-4d26-afac-71057a4dea7d,Carlie Corsham,xkonto,Institutionen för data- och informationsteknik
2df2bb32-e63b-4e35-a46d-0d16ae51e81a,Garwood Aggett,xkonto,Serviceenheten
df54d9e5-eb10-489a-a21e-e189b8cb86c2,Carolina Arkwright,xkonto,idéhistoria och religion
ac1153bd-5345-4b67-991d-d80775985682,Zachary Spurryer,xkonto,Institutionen för litteratur
a23dedeb-061b-4d69-a667-502d5a8069d8,Ferdinand Rizzillo,xkonto,Gemensamma förvaltningen
7dceca64-ec08-4c0b-abcf-648450e0bfc0,Gwendolin Authers,xkonto,Institutionen för tillämpad informationsteknologi
99ab580b-0190-4df1-b80f-33a62478d2e1,Keefer Stud,xkonto,flerspråkighet och språkteknologi
2162d3b8-a8b5-479c-aea1-fd4ab6994fd7,Etienne Gatley,xkonto,Institutionen för globala studier
29eb66fc-727e-4572-8648-871561e1959c,Eli Tillard,xkonto,Institutionen för marina vetenskaper
8125d279-0def-4423-aac0-a6a78cb6ea1c,Cobb Mugridge,xkonto,Serviceenheten
82a5c5f6-1298-4fb6-8558-e46f5021da00,Garv Blain,xkonto,Institutionen för medicin
6b622fcc-40bc-426e-85f7-cc4a543e0c85,Janene Guerriero,xkonto,idéhistoria och religion
92233d64-c165-4175-b713-e55bb6b08353,Murielle Labbez,xkonto,HDK-Valand - Högskolan för konst och design
2f658bae-f073-40cf-8955-7ab44519462a,Loria Fancy,xkonto,Institutionen för kulturvetenskaper
83071a80-a8d9-4ddc-b296-9177ddd0bcc0,Babbie Bruyns,xkonto,Institutionen för neurovetenskap och fysiologi
244328a8-fe0b-46f7-8a8a-c289c8eb90cb,Berny Halworth,xkonto,Göteborgs universitetsbibliotek
fde39af1-2734-4d10-aaea-39b94bbda96b,Lurline Winser,xkonto,Institutionen för neurovetenskap och fysiologi
0b2ff701-155e-4caf-92c3-69325ab35fae,Tootsie Allkins,xkonto,Institutionen för kost- och idrottsvetenskap
888f80a4-cd13-45a6-be84-695c87418168,Roderich Bateman,xkonto,Institutionen för socialt arbete
c40fce3c-68c6-47e4-8d28-7edf26cb4175,Benji Scotchmur,xkonto,Gemensamma förvaltningen
462c65ff-92f8-44be-9be0-324a5573ee07,Seumas Greenin,xkonto,Institutionen för svenska
de353464-d5fe-41c9-a389-6144b63691d6,Babette Corson,xkonto,Institutionen för kost- och idrottsvetenskap
78c6652e-3d10-4051-b9c6-8a71305e7867,Pancho Pounsett,xkonto,Institutionen för sociologi och arbetsvetenskap
7edb28ee-1b9d-4434-8473-a933273d35d0,Duffy Huffadine,xkonto,Institutionen för data- och informationsteknik
b0c29593-b267-4140-b378-7ebee38dd69d,Reynold Sawle,xkonto,kommunikation och lärande
19b369c4-b266-4e8b-977d-581e14239899,Merrie McGougan,xkonto,Institutionen för svenska
e56c5e4e-98dd-4a1c-9b23-b6a4008cdcec,Mina Shankland,xkonto,Institutionen för filosofi
cf4f8070-16de-472c-9a76-4509103e64d0,Herbie Caunter,xkonto,Institutionen för litteratur
76c185cf-baca-4bfb-b565-f3df4e1ea82b,Kristine Iowarch,xkonto,idéhistoria och religion
61f04060-021c-43a7-a548-31d468f7cc95,Marcela Opdenort,xkonto,Högskolan för scen och musik
ab3ceb54-9d1e-498f-949e-890d93be1fcf,Astra Billyard,xkonto,kommunikation och lärande
b79a1f2e-75cd-4bb2-930c-9d26281b08f5,Edik Lamplough,xkonto,idéhistoria och religion
bc902b3f-9c3f-44fa-b83d-55ae80e063b1,Benedetto Jaszczak,xkonto,Institutionen för litteratur
1396b69e-9bc6-4157-9c6e-0b0e5c31d2cf,Bo Bichard,xkonto,Statsvetenskapliga institutionen
d2ecd23c-d783-4231-9fb1-597acecc5e02,Adina Handaside,xkonto,Institutionen för kost- och idrottsvetenskap
5d3ff3d3-fd6e-4d62-bcfe-fc653d14db29,Sheffie Allon,xkonto,Serviceenheten
70d15796-3756-4c33-8a05-8ee4fad9f90b,Bendix MacRanald,xkonto,Institutionen för filosofi
5a0c8a59-3e1b-48b3-8f97-c51cdbb3a7e6,Alameda Le Friec,xkonto,Statsvetenskapliga institutionen
48fa81e4-4be9-4185-9d2c-e935f16119db,Trefor Crumby,xkonto,Statsvetenskapliga institutionen
7fa5c4e0-87ef-47af-b284-71cd11774c13,Yettie Mosley,xkonto,Förvaltningshögskolan
ad9c34a3-bfbb-4b50-b02e-f4a428553a55,Monika Andree,xkonto,Statsvetenskapliga institutionen
0770e191-4ea2-4bbe-8985-3fe4ab386243,Freddi Fayerman,xkonto,flerspråkighet och språkteknologi
833a48d0-8515-4cd5-955e-8ce991837169,Stafford Lowten,xkonto,Högskolan för scen och musik
cd11e3d5-0885-4204-8303-34a3c95f89fc,Virge Surpliss,xkonto,Institutionen för globala studier
ae7054a1-9985-4099-8860-a8d712aa479b,Wynnie Millery,xkonto,Institutionen för odontologi
27d396e8-9eea-4c8f-ac28-28ffdfc392ca,Nicolette Petzold,xkonto,Serviceenheten
4c135bdb-c64b-4892-87da-d844175142dc,Dre Frederick,xkonto,Institutionen för odontologi
534e8277-d021-40d3-862b-0db789248c75,Ferne Eminson,xkonto,Institutionen för språk och litteraturer
614bdffd-2db6-42c3-b34b-da7b7e3eb9d2,Kahlil Capoun,xkonto,Institutionen för filosofi
e7a2f457-ddc6-4cfa-a6d9-64fe86323a6a,Gerardo Rendell,xkonto,Serviceenheten
ab4e8249-1957-4734-9dbc-e7689bb0994a,Rab Keene,xkonto,lingvistik och vetenskapsteori
5c407a13-d4cb-4389-8661-7c1ed0c67062,Carlie Bowerbank,xkonto,Institutionen för kulturvård
b7d448fd-62c8-4514-b4a1-0254abacdd55,Tull Lemary,xkonto,Institutionen för filosofi
4aab877f-8d39-42eb-b0f2-440c4ec4e5b4,Arnoldo Furminger,xkonto,Institutionen för litteratur
ea514981-c4cd-4c3b-b171-b68bc2e48b1b,Yard Senyard,xkonto,Institutionen för historiska studier
d10349a3-8870-4f32-847a-a34ceb2f26eb,Yoko Jerrome,xkonto,Institutionen för didaktik och pedagogisk profession
c31610f6-a9e4-46ea-a6d8-d8f6e9bf2266,Addie Zealander,xkonto,Institutionen för data- och informationsteknik
3ddf628f-c742-4beb-ba45-97ace6b90e64,Marius Coalbran,xkonto,flerspråkighet och språkteknologi
1903a1be-ab46-44ca-b1fb-11a00e9fc418,Mackenzie Gulleford,xkonto,Institutionen för kulturvetenskaper
43826f2d-17f2-4004-ba12-efe91ae02948,Penelopa Doche,xkonto,Institutionen för odontologi
906c8173-3a1b-4d54-a588-c41246a1df7b,Rudy Backhouse,xkonto,Institutionen för kulturvetenskaper
0c5c275d-a2f5-4188-914b-fc5aff7a899d,Andie Chiene,xkonto,Institutionen för vårdvetenskap och hälsa
71b5f36d-ce19-461b-83d6-4344f81267cc,Gerek Adriaens,xkonto,Institutionen för medicin
26ebd3d6-bcc6-4825-9e5b-632c036eea3f,Angeli MacLoughlin,xkonto,Institutionen för data- och informationsteknik
3e559edb-07e0-402b-8681-8534cbc640f1,Josh Paggitt,xkonto,Institutionen för kost- och idrottsvetenskap
ca52555c-2e3a-4bbc-adf5-8883414b4f92,Tilly Flindall,xkonto,Göteborgs universitetsbibliotek
412a6726-eda8-41e5-9c3a-027ec652fc89,Curtis Kneal,xkonto,Institutionen för journalistik
0b39b3b5-f613-4e31-87e1-a72f30c71187,Sadella Syratt,xkonto,Programinstitutionen för Läkarprogrammet
2b615ea3-7ba2-4fbb-8005-6f8cf8fc3e17,Mattias Maletratt,xkonto,Institutionen för medicin
bc4e84a2-bdd6-439a-893e-f2e3e1c84f7c,Dmitri MacKenney,xkonto,lingvistik och vetenskapsteori
d8b9ec9e-d93d-47e2-9164-2a9fa87c1aeb,Elysia Shepperd,xkonto,Institutionen för journalistik
efbcb45b-27ab-488c-b393-cc8b8481a54d,Wallie Risbridge,xkonto,Institutionen för filosofi
5832103c-377c-4498-b60c-c8537bfccd2f,Margarethe Burfoot,xkonto,Institutionen för svenska
8ac498ea-93c9-4711-9c25-729ad000fe0d,Rickey Bounde,xkonto,flerspråkighet och språkteknologi
42bccbd6-ffc5-4caf-8718-58c2b2e817f5,Duff Renfree,xkonto,Institutionen för matematiska vetenskaper
67fb1523-959d-4057-b296-9c738151ea24,Merry Sheather,xkonto,Institutionen för sociologi och arbetsvetenskap
3225b2fa-02b6-4260-b4c5-bdb3fee97174,Kary Espine,xkonto,Institutionen för biologi och miljövetenskap
1b6b16a9-1ab8-444b-b9ad-b67423e3d6c6,Shane Priest,xkonto,Högskolan för scen och musik
4289ea40-8b69-4272-9540-00d99f843731,Evangelia Mackieson,xkonto,Institutionen för kemi och molekylärbiologi
5d416523-08b9-4680-ad26-fec5bf1381d5,Rouvin Defont,xkonto,Institutionen för pedagogik
a8c01332-ff29-45de-8c94-86ec4e9de091,Matelda Elflain,xkonto,Göteborgs universitetsbibliotek
40f8ce53-068a-41dd-909f-a86d59f978df,Dame Fasse,xkonto,Institutionen för kliniska vetenskaper
132480c4-6849-4ada-91c5-849e924892e6,Christean Cutriss,xkonto,flerspråkighet och språkteknologi
3ecc23b4-eb7e-4bac-9c99-5d5eb3258ead,Lita Loraine,xkonto,Institutionen för kliniska vetenskaper
4f1854dc-6624-429e-992a-79203ba5a533,Jacki Caulkett,xkonto,Förvaltningshögskolan
949a884b-1538-4508-bddb-5a25eafae313,Queenie Barosch,xkonto,Institutionen för kemi och molekylärbiologi
f5c3e847-eef1-4b7a-b3a2-ad8a9fd2696b,Mair Callard,xkonto,Institutionen för vårdvetenskap och hälsa
f75a319c-4352-493d-b74f-1994984a6238,Elbert Easen,xkonto,Institutionen för pedagogik
3af3ba66-9bbd-42c6-aae2-51cd43028e07,Bayard Munehay,xkonto,Institutionen för pedagogik och specialpedagogik
fea5c543-4606-428c-9ac0-baf82930596b,Tudor Ivanusyev,xkonto,kommunikation och lärande
2970c276-f2fe-4295-abc6-3044e61f4c26,Clarice Yukhnev,xkonto,Institutionen för journalistik
f62f8306-50e5-4296-979d-6fdd1bb0d700,Maurits Baitey,xkonto,kommunikation och lärande
a549e863-c113-4dcf-bdca-0a4051df9064,Orsa Hinnerk,xkonto,Institutionen för historiska studier
da2d59ef-98e2-4a79-a960-83fdbe81bbca,Herold Zarb,xkonto,Serviceenheten
a0e57a3d-636d-4aff-b950-1ace5882462b,Evie Heaffey,xkonto,Institutionen för biomedicin
064143b5-0d69-46c7-9166-ffecb2e0ac1b,Teodora Feasley,xkonto,Institutionen för historiska studier
a39b439b-d400-4e31-9cf4-672b92fb8c7d,Iona Dawnay,xkonto,Institutionen för historiska studier
ffe018df-9d50-4dfb-8ebf-00b0322800de,Rodge Plom,xkonto,Institutionen för medicin
1b5d6c55-04e5-43b4-864d-2a08a36d9d8b,Jolynn McKeighen,xkonto,Institutionen för filosofi
86d04788-0ee2-467b-9ddd-2acb40927afd,Lonny O'Sheeryne,xkonto,Programinstitutionen för Läkarprogrammet
ed78ca61-f802-49d8-b80c-ed6a8200f81b,Lucias Korous,xkonto,Institutionen för odontologi
d50158e9-dc44-43dd-a67f-40d8437033c8,Karine Samwaye,xkonto,Institutionen för vårdvetenskap och hälsa
621c2440-f380-40cc-a379-374fc0b40ceb,Logan Galvin,xkonto,Institutionen för kulturvård
57c8dbcd-81ce-48dd-a098-631f2b76fcaf,Mandy Chree,xkonto,Institutionen för data- och informationsteknik
60020baa-3c02-485f-baf0-8d065f6da823,Alejoa Balsom,xkonto,Institutionen för journalistik
3ef9e901-cc2b-4cc8-8255-8559e3e4a606,Phebe Ilyunin,xkonto,Institutionen för data- och informationsteknik
1a902acc-3d75-4328-bfc7-6a596dab8c17,Penrod St. Paul,xkonto,Institutionen för socialt arbete
088508af-9001-41bc-bab5-4128880c33ad,Vinny Hobgen,xkonto,Institutionen för svenska
4c409f84-505a-4c8a-b9b2-3e34a79bc293,Arny MacVay,xkonto,Institutionen för odontologi
e8aa85c3-f73d-418b-be82-1dc55b8ec76f,Peggy Dodgson,xkonto,HDK-Valand - Högskolan för konst och design
fbd449b9-5a85-4562-a4c7-d602dc47cb57,Magdalene Moore,xkonto,Institutionen för matematiska vetenskaper
178078ff-b69e-4c14-8889-f4ac261651c7,Anstice Sibbald,xkonto,lingvistik och vetenskapsteori
1227b162-7ddb-4c36-b462-39f6add3513c,Maggy Grouse,xkonto,Institutionen för historiska studier
455c3e69-a150-4da3-8fbf-10fd3c77fdef,Jaquith Moughtin,xkonto,Förvaltningshögskolan
42bfb8f8-6a07-4990-a86e-a70c2ce64041,Yetta Fosher,xkonto,Institutionen för biomedicin
d6c572a7-2769-41d7-847d-956cd759e82d,Gwenore Kupka,xkonto,Institutionen för kost- och idrottsvetenskap
57a8b8ef-b38d-4faa-b578-4832178b7231,Norean France,xkonto,Institutionen för neurovetenskap och fysiologi
5278c1d6-707c-43a1-8147-bbd648bcb710,Skipp Ebbers,xkonto,kommunikation och lärande
8a022a13-5665-4d15-83ef-9a125f211eb9,Keefe Boundey,xkonto,Institutionen för neurovetenskap och fysiologi
eaf7adae-5f10-412d-b752-6e01d6cecbff,Revkah Gaskin,xkonto,Institutionen för sociologi och arbetsvetenskap
db4629cd-8883-425a-9b67-6b32733bf375,Sauncho Vero,xkonto,Institutionen för pedagogik och specialpedagogik
ebeca249-11db-4682-bd2e-dcf9fa32c701,Karlotta Gittis,xkonto,Institutionen för socialt arbete
d308931f-23a3-4d12-bb70-b651f1fb4d14,Antoinette Dallicott,xkonto,Institutionen för pedagogik och specialpedagogik
649451bf-ab58-41c9-a912-53c3a4cd2df0,Austine Mahy,xkonto,Institutionen för vårdvetenskap och hälsa
dcb277bf-77dd-44a2-8c52-3178157ba3fe,Mady Screach,xkonto,Institutionen för medicin
94593d2e-7e34-4102-bf59-1eedc2b4af05,Denyse Romaines,xkonto,Statsvetenskapliga institutionen
54d48fec-6555-4ec7-9a51-946c0c52e491,Nanny St. Louis,xkonto,Högskolan för scen och musik
a17f75cf-8ee0-43a4-9fd3-2c2768a43198,Antoine MacCallam,xkonto,Institutionen för medicin
01de6c21-8dc0-4028-9056-02be38ba3461,Patrice Scintsbury,xkonto,Institutionen för svenska
aeb40208-8f91-45bc-9b1e-7a298e063626,Terry Potteridge,xkonto,Institutionen för globala studier
f8bcfeab-db6d-4182-a4b9-b0e7bd10c4a1,Mendie Swainston,xkonto,Göteborgs universitetsbibliotek
3ae0c44e-07c6-4bce-9599-3478b75d12b9,Erina Limer,xkonto,Institutionen för kost- och idrottsvetenskap
1216c7a4-4d75-4c14-a3ad-8b2e6b5b54dc,Gennifer Grimsey,xkonto,Programinstitutionen för Läkarprogrammet
6b8ee46b-cf4d-4a7a-af6d-4bc439791056,Louise Flacke,xkonto,Institutionen för socialt arbete
827d6e0e-46e2-40fe-98ef-7467c9f904e6,Fernande Drought,xkonto,kommunikation och lärande
790e7b37-4407-4e98-a1fe-984348a5f608,Elfreda Megroff,xkonto,Institutionen för fysik
5a4b5c5e-43f9-40a6-9e77-f6ace35caeac,Selig Purcer,xkonto,Institutionen för kliniska vetenskaper
aca08d88-fbc1-4433-9f44-8939fb07f53f,Brockie Ingraham,xkonto,Institutionen för historiska studier
4856f374-367b-44ec-bcbe-683348c0d2d7,Evy Wastell,xkonto,Institutionen för pedagogik och specialpedagogik
fc40fba8-1f9f-4ba4-a1c0-3efacf25c0dc,Thurston Griston,xkonto,Institutionen för kliniska vetenskaper
9fdfe305-12e2-45b6-97dc-07a924da3bb7,Emiline Bowstead,xkonto,Institutionen för didaktik och pedagogisk profession
a4e7796e-a671-4bb0-897c-211f0742393a,Minette Trengove,xkonto,Programinstitution för Ämneslärarprogrammet
b8c3a594-5def-4e8e-a151-2cd708728017,Gaspar Tomaszek,xkonto,Institutionen för tillämpad informationsteknologi
d4df1896-562c-4d9b-99ed-9da4d0bbb9b4,Emmalynn Monger,xkonto,Institutionen för litteratur
f7c0e6f3-b4de-4f24-8e74-b3c89485d99e,Thaddeus Dilliway,xkonto,Institutionen för vårdvetenskap och hälsa
34fd1d13-75f7-4d6b-9bd2-26353c7828a5,Selma Rouke,xkonto,Institutionen för pedagogik
85c3483e-c05e-407c-9010-420d0edfdd1e,Manda Brownsall,xkonto,Institutionen för vårdvetenskap och hälsa
e1d5b010-b0f4-4e44-9f5a-c2240e3ae9bc,Sam Buckett,xkonto,Institutionen för svenska
49d89e67-a134-42c0-b39f-1aa16195d10e,Eugenie Sinderland,xkonto,Institutionen för socialt arbete
dbe26375-8e07-40f7-889e-a77aeaefe66f,Patty Smalecombe,xkonto,Institutionen för tillämpad informationsteknologi
191caf6e-b61b-411d-a716-d7341b1913c5,Hannah McKleod,xkonto,Institutionen för data- och informationsteknik
f447efcd-3180-4b86-923d-359204fd7f20,Montague Liggett,xkonto,HDK-Valand - Högskolan för konst och design
8d734d47-2901-4a98-9989-7be256096bc1,Ricki Cowe,xkonto,medier och kommunikation
a6ab5f84-f52e-4db9-974f-cd1cd9fb49fc,Palmer Feldhammer,xkonto,Institutionen för kost- och idrottsvetenskap
8a110d05-2953-40b1-8af4-a73c4cab00e5,Walliw Tooke,xkonto,Institutionen för pedagogik
7ff30686-292e-4b02-b528-18fb0e290929,Gian Rouke,xkonto,Institutionen för kliniska vetenskaper
66dde1f2-3def-4a67-8b47-56b505f6cdf3,Catha Tomaino,xkonto,Gemensamma förvaltningen
b630e7e5-9283-4d8f-bbe4-87410df50969,Julianne Vanyakin,xkonto,Göteborgs universitetsbibliotek
d0e05251-73e7-49d7-9007-96fb629851d1,Jackquelin Resun,xkonto,lingvistik och vetenskapsteori
df47a647-e2fa-45c4-a418-3f82641b10f9,Cy Lovelace,xkonto,Institutionen för journalistik
4d092536-2818-4aa2-bdac-6e5fc6d20f37,Trumann Myton,xkonto,Institutionen för odontologi
9a24e8cc-1513-4ef6-a7dc-0df9e85bd315,Bartholomeo Hyde,xkonto,Institutionen för socialt arbete
9da8b89a-5dc9-498d-bfed-8a6332e6137c,Eamon Clixby,xkonto,Institutionen för kemi och molekylärbiologi
a1957b35-29c1-40a7-a529-47a53b254483,Gaspar Mancer,xkonto,Institutionen för filosofi
d6f63580-34e7-4c07-8c97-1b19d26a9847,Bridget Madgewick,xkonto,Institutionen för data- och informationsteknik
a2ed9679-d6a1-4142-ab41-5d8fd9e256ab,Andree Davidy,xkonto,Institutionen för kulturvård
128a9a97-eb0e-41df-9cf9-279a4cfc6cc5,Elnar Kincey,xkonto,Institutionen för biomedicin
8545ad58-0bdb-4751-8ac5-6efa17b6d2be,Patrick Kumar,xkonto,Programinstitutionen för Läkarprogrammet
07bd367d-2104-4c80-bc68-13a38c5d9c48,Enrika Micheu,xkonto,Institutionen för pedagogik
d7fa24ed-cfbd-492e-8d3e-fbbda8c453ac,Goldina Andriulis,xkonto,Institutionen för biologi och miljövetenskap
c94bda51-8c48-4a77-910e-791e76be092b,Orsa Trevear,xkonto,Institutionen för socialt arbete
14a939cb-f051-431a-b159-da3e3958079f,Kermit Clewer,xkonto,Institutionen för medicin
5eb4f218-44a7-4f35-bc78-f0be615b1d37,Beverly Hatchman,xkonto,Institutionen för matematiska vetenskaper
51f041a9-39e8-4748-9eaa-cb9c8f770a01,Tris Hakey,xkonto,Statsvetenskapliga institutionen
1c04eb44-b0fc-476e-a728-1a2b2edd8ff4,Brandise Pashler,xkonto,Institutionen för kost- och idrottsvetenskap
5fda1b09-fa74-4e4f-a576-d974998101d5,Brien Lohering,xkonto,Institutionen för kulturvård
e6eb9a0d-9a84-4786-8998-b9db11a6304b,Eba Flatte,xkonto,Högskolan för scen och musik
c38af7a5-d402-4155-94f2-1141d15bb804,Isador Bennion,xkonto,Institutionen för medicin
81304943-1801-4c4c-8081-3965ad5096c0,Winne Claeskens,xkonto,Institutionen för kemi och molekylärbiologi
60877deb-1854-438b-b602-9c6ab5c33464,Jarrett Matisoff,xkonto,Institutionen för pedagogik och specialpedagogik
97b6b40c-e45b-4ad1-a1fa-e56332b43833,Madelina Brownlie,xkonto,Institutionen för sociologi och arbetsvetenskap
8929ca70-a934-43be-991a-72e0e7147886,Filbert Overpool,xkonto,Serviceenheten
37124822-002d-4306-8a48-afc9b71252bd,Hillie Pincked,xkonto,Programinstitution för Ämneslärarprogrammet
a693f841-0550-4495-a5d6-09f834a0edd8,Debora Coda,xkonto,Institutionen för didaktik och pedagogisk profession
019e173e-df32-4dd3-8ebf-8e5931dc8d30,Elita Gilley,xkonto,Högskolan för scen och musik
ea8ff4bb-8ef9-428b-947e-cae7a51b19a1,Ximenes Wheeliker,xkonto,flerspråkighet och språkteknologi
78cb1012-7200-4fe3-99b8-8481fef252eb,Rickert Sargerson,xkonto,Programinstitutionen för Läkarprogrammet
0ba3f867-199b-4258-ad31-428f917b5da7,Yurik Grimbaldeston,xkonto,Institutionen för sociologi och arbetsvetenskap
c89c800f-eb7e-4f91-b02d-12adc26cc8b9,Elsworth Prujean,xkonto,Högskolan för scen och musik
39c6dae8-f54b-4362-b744-9f13dd67641e,Fraze Basham,xkonto,Serviceenheten
a5fd2084-cb53-4ace-ad7a-8887e1d256a1,Joe Aleksidze,xkonto,Gemensamma förvaltningen
e507eff8-678e-4b41-9197-535847b43952,Darnell Bellam,xkonto,Programinstitutionen för Läkarprogrammet
84b3f829-a070-4ddc-bc2e-a45cff1c00f5,Rebekah De Vaar,xkonto,Institutionen för data- och informationsteknik
526b121d-7b1e-453e-8748-2d64f92bfdfa,Ive Kellart,xkonto,Institutionen för didaktik och pedagogisk profession
368b8e15-7557-42a6-8900-895d62f5b91c,Arabel Osmund,xkonto,Programinstitutionen för Läkarprogrammet
7f5df3dd-98a2-4298-b166-fdbc5f1f55ea,Nobie MacPherson,xkonto,Institutionen för filosofi
68a1bb9a-7269-4ec7-a6ae-a9e65cf59b65,Greg Santer,xkonto,Institutionen för biomedicin
be53b69a-b0c4-4332-8827-b70e519babf2,Falkner Boissier,xkonto,Psykologiska institutionen
f8867a74-98d8-415f-8fa2-3f5d1d8d5694,Hastie McNeilley,xkonto,kommunikation och lärande
679c0cbe-82c3-45a5-9152-9fe8f090dbe8,Jennee Enns,xkonto,Institutionen för neurovetenskap och fysiologi
1b9c651b-fc4e-4869-9e79-283ecce1f491,Lucy Sommers,xkonto,Institutionen för marina vetenskaper
241b3a99-4f44-433d-b30a-889a350c70b4,Jillian Agglio,xkonto,idéhistoria och religion
d2aa79c0-6755-418a-8489-0e39e419c754,Delaney St. Aubyn,xkonto,Institutionen för journalistik
2c2cf069-0be3-48ac-8d7a-2d55974106fc,Jandy Headly,xkonto,Institutionen för svenska
7c45c3bd-c1a6-448a-81ec-dd8a8913ff3d,Xever Bradder,xkonto,Institutionen för svenska
9ed2b0fd-7fe5-4ac4-aae8-747001ac2664,Mikey Storre,xkonto,Institutionen för kulturvård
5ed4f456-6304-434a-9d95-0665eef758c1,Antoine Giff,xkonto,Institutionen för kost- och idrottsvetenskap
20c91213-4b38-4dee-b8bd-2f6df97df4e1,Dew Lewsam,xkonto,Institutionen för svenska
08f18d1a-27ce-408c-a6b6-948697a0a449,Bryna Gudgen,xkonto,lingvistik och vetenskapsteori
90eba800-0fdb-4e3d-b5dd-2ee61e717c67,Garth Scoggins,xkonto,Göteborgs universitetsbibliotek
50750a9a-3115-4f69-8ec0-16ab0d0bc476,Carling McIlherran,xkonto,Institutionen för svenska
68046c9a-bc54-42cd-8c4b-5b435a610a00,Missie Krollman,xkonto,Institutionen för kulturvård
809c4292-d296-4aec-aa71-46a96c536c17,Verine Salvin,xkonto,Institutionen för filosofi
cad0e927-f83c-4668-b68e-49f4a533d713,Reinold Babbe,xkonto,Institutionen för fysik
a3d2395e-5ad2-45df-be9d-ca88fb3c6dbd,Denver Memory,xkonto,medier och kommunikation
8f50623b-024f-45e3-874c-d0c328a14abc,Ingrid Sabatini,xkonto,Institutionen för litteratur
7985cae0-e3b9-4672-8e39-9aa3b795bc88,Stevena Tiller,xkonto,Institutionen för pedagogik
83e024bc-847e-403d-bfbf-50286d893a97,Mendie Petrowsky,xkonto,Institutionen för biologi och miljövetenskap
31274998-c9b6-4561-b889-c2796a887503,Chet Robathon,xkonto,Programinstitutionen för Läkarprogrammet
f2d7b5ea-a66f-492f-8655-454216a01a65,Chery Giovannetti,xkonto,Institutionen för globala studier
2daaf645-d2a8-4c26-96b1-e9e1a6c58442,Yulma Burfield,xkonto,Institutionen för litteratur
a276d38f-8be4-477a-b0db-c6581801ed31,Joshua Gimblett,xkonto,Programinstitution för Ämneslärarprogrammet
2ac630aa-9194-4a39-9a1a-cfade586cef5,Terrell Lathee,xkonto,Institutionen för kost- och idrottsvetenskap
d8ce658c-e28b-4144-8bc8-d774b6aa7f0a,Weider Pulfer,xkonto,Institutionen för globala studier
3682824b-be7b-4b46-b46e-deba394e9bfb,Ariana Andrieux,xkonto,Institutionen för globala studier
5e14b92f-33e4-4b77-98bc-8d0339f481d4,Gill Elliott,xkonto,Gemensamma förvaltningen
8ffcf80e-0432-4d35-9b3f-4878daa3d93b,Rosy Risbridger,xkonto,Statsvetenskapliga institutionen
b2582eb9-b3e0-4c67-8b19-3daf7416cbf7,Tove Peterson,xkonto,Statsvetenskapliga institutionen
6e79b9b7-5289-4556-9a4c-2dbe9c80cbee,Helena Bletso,xkonto,Statsvetenskapliga institutionen
33bf7ed6-2035-480e-858e-9227f8d2253a,Kennie Chelley,xkonto,Institutionen för pedagogik och specialpedagogik
5ac00f34-627f-4cca-bc85-3350feb0c9a1,Doreen Bellson,xkonto,Institutionen för matematiska vetenskaper
fbd0342b-a141-4f3d-b0ef-56fe503651a6,Joseito Betho,xkonto,Institutionen för historiska studier
b290f3ba-df22-4082-91a3-405de7509c14,Johannah Mepsted,xkonto,Institutionen för sociologi och arbetsvetenskap
72ce07a6-1126-4739-9472-d19b74a31a26,Catherine Korneev,xkonto,lingvistik och vetenskapsteori
ce2336a2-9766-436b-9958-282c57f00f9a,Abram Chetter,xkonto,Institutionen för filosofi
5d0bb51b-6296-434e-926c-3a9cb25e3003,Nikolos McGeown,xkonto,Institutionen för geovetenskaper
4bb81cba-1089-4f17-b9d8-5834b513d89d,Leta Haps,xkonto,Högskolan för scen och musik
85ea396f-8ef2-47fb-87b1-f5bb5d5d96b6,Anthe Howieson,xkonto,Institutionen för kost- och idrottsvetenskap
f0eca11b-f47a-4155-ba4a-f9408f41b204,Ferd Grigorey,xkonto,Institutionen för tillämpad informationsteknologi
680e2ca5-4987-4f9d-919a-13d61b872a01,Janot Frome,xkonto,Institutionen för kemi och molekylärbiologi
ce8afba2-5bc1-4531-9378-4bef0ddddbab,Jethro McGaughey,xkonto,Institutionen för kulturvård
393cc16c-1b9a-409e-a656-4bb60842acef,Ossie Pionter,xkonto,Institutionen för historiska studier
c806ceac-383d-47e4-a41b-e21e5ebd8b91,Melody Pischoff,xkonto,Institutionen för historiska studier
306b125d-377e-4003-bff6-a46dd5ffa3a1,Spence Confait,xkonto,Högskolan för scen och musik
59167f8f-fa88-4657-b8f6-2866037b015c,Lazaro Camps,xkonto,medier och kommunikation
0f52ac30-acaf-4f4b-8302-17831722b801,Lothaire Orae,xkonto,Statsvetenskapliga institutionen
f8eeaa6f-d1d1-4464-8def-c1cd1c88bec2,Angelico Holsey,xkonto,Institutionen för didaktik och pedagogisk profession
d2b536b0-a9d2-47fd-ae2e-cfb0c093552b,Con Boanas,xkonto,Institutionen för matematiska vetenskaper
3952cac3-61fc-4618-9f79-031216b8bccd,Simmonds Legrand,xkonto,Institutionen för pedagogik
77d1fc60-ce76-47a3-9f83-50aed459caf9,Ermina Capell,xkonto,Förvaltningshögskolan
fa07283e-967f-4ff5-a319-6ffb4c32fa00,Glynnis Brundill,xkonto,Institutionen för vårdvetenskap och hälsa
fc9c1faf-967d-4e3f-8400-0e8df93fd9b0,Byrom Gowen,xkonto,Programinstitutionen för Läkarprogrammet
45c2b642-f963-4d88-9f5c-d25d8d33667c,Pippa Rapley,xkonto,Gemensamma förvaltningen
7d1a2135-aebc-4e0b-9053-b6e449c9dfa0,Abigael Brigstock,xkonto,Institutionen för historiska studier
77abe0c6-32eb-4192-8e12-f1330e8c4297,Spence Pencot,xkonto,Institutionen för tillämpad informationsteknologi
1adbf71f-5274-4106-83f5-c77a3ca11d44,Merl Duckitt,xkonto,Gemensamma förvaltningen
ebe8bc63-b131-4231-8673-f5eecaabe0f1,Donal Burnyeat,xkonto,Institutionen för historiska studier
39953a4b-53c7-4d7c-a0fd-f5d241bccc2b,Octavia Stranahan,xkonto,medier och kommunikation
5f327e99-4ddf-4b1d-956a-f5b868f76b71,Elise Chatelot,xkonto,Programinstitutionen för Läkarprogrammet
d5571eb7-aa98-4b38-9824-c9ead72653c3,Whitney Duthy,xkonto,Institutionen för kulturvård
2bdda36c-c30a-434b-9bad-be6f02c3ad9f,Garey Carpe,xkonto,Institutionen för neurovetenskap och fysiologi
6588427c-8bc4-43a7-a6dc-0f0771b5c12b,Sosanna Chieze,xkonto,Göteborgs universitetsbibliotek
c6d29159-d647-4d14-a935-9326302ddbc6,Cecil Budgeon,xkonto,Institutionen för tillämpad informationsteknologi
0e9c61e8-1765-43d4-9a7e-d7c459741a5e,Michaelina Tellenbroker,xkonto,Institutionen för pedagogik och specialpedagogik
d21819d9-2ed1-4341-812b-89785726cc35,Pepillo Coulton,xkonto,Institutionen för journalistik
4c967b97-b20c-4c59-bff9-20377a30ebaa,Skippie Cutbush,xkonto,Institutionen för pedagogik och specialpedagogik
03ccf0db-e713-4eb7-8860-456886dc0b04,Sinclair Jean,xkonto,kommunikation och lärande
f6854dfa-a443-46ea-bd95-24e3749199d1,Samaria Orys,xkonto,Institutionen för neurovetenskap och fysiologi
5e0dde43-3cc1-4bd4-a835-26570fc63911,Meryl Folcarelli,xkonto,Institutionen för kulturvård
ccd1b1cc-648b-4645-b2a4-ae893acc526e,Nelle MacTrustam,xkonto,Högskolan för scen och musik
f6ba59cc-0c10-4618-81ff-a952c5df2e1c,Dallis Kingett,xkonto,Institutionen för sociologi och arbetsvetenskap
cf04510a-2dca-46dd-acf4-1a94d156517b,Pacorro Murkitt,xkonto,Institutionen för didaktik och pedagogisk profession
5ee1ffe2-71bf-4c9d-bd1c-8ea486cc59bb,Lucius Marchington,xkonto,Psykologiska institutionen
2743ad4d-3a75-42b4-9354-3014b43ee9a3,Halli Dangerfield,xkonto,kommunikation och lärande
73ddd146-a458-4c8d-9720-1de0fcb8cd53,Coralyn Gadie,xkonto,Institutionen för didaktik och pedagogisk profession
76a7e3ca-7116-482d-b149-112dd6378616,Athena Espadas,xkonto,Programinstitutionen för Läkarprogrammet
03c597bb-77c0-4551-879a-d2ff1c257d22,Olympie Gasnoll,xkonto,lingvistik och vetenskapsteori
583f9e83-5155-4127-a753-8dc72ca835e8,Oates Godfray,xkonto,Institutionen för matematiska vetenskaper
c0415326-3813-4d5b-8501-ad96c9ea2cb6,Adella Sheahan,xkonto,Institutionen för marina vetenskaper
b4878529-b418-4ed0-bb8b-a111939e6326,Gratia Grellis,xkonto,Institutionen för pedagogik
d5cc7175-3a88-4244-bdae-f5e14a408ae2,Kiersten Earney,xkonto,Institutionen för tillämpad informationsteknologi
5a2b542a-c043-4744-9992-8e7e879d46d1,Andrus Walkey,xkonto,Programinstitution för Ämneslärarprogrammet
f312c4a7-63b0-4d57-85c9-e016c9fb81f8,Aksel Gilvear,xkonto,Institutionen för språk och litteraturer
7dff049a-d214-4cdb-88d5-bcdb0e253927,Penn Foulcher,xkonto,Institutionen för sociologi och arbetsvetenskap
94dd4a06-8fa0-42f1-9546-8fb236e869bb,Vere Morewood,xkonto,HDK-Valand - Högskolan för konst och design
1059625d-d2e5-4365-b42b-621c6c32a777,Rozella Bierman,xkonto,Institutionen för biomedicin
61c0234a-a446-4dc6-bbb1-74322334c4cb,Aline Aucott,xkonto,Göteborgs universitetsbibliotek
32fdd34d-4bbf-4dad-96ce-f50e975da494,Darbee Bridat,xkonto,Institutionen för journalistik
e295691e-29f4-475b-9a33-ad35048d56f7,Sebastian Cawthera,xkonto,HDK-Valand - Högskolan för konst och design
846de90e-989a-4a0c-bc7d-9399863657dc,Layne Shannon,xkonto,Institutionen för didaktik och pedagogisk profession
7f96db23-d99a-47a5-bc3a-b4575254a75e,Lyn Speers,xkonto,Institutionen för globala studier
fa700a0c-9a92-4877-9dd4-25336e3bce47,Kelcie Benedicte,xkonto,Institutionen för kliniska vetenskaper
076a3469-71bf-450c-b55e-0890568c4387,Emmalynn Berick,xkonto,Institutionen för kulturvård
01ce7335-0358-40bb-a027-92ac04bf19e8,Valeda Cloughton,xkonto,Institutionen för filosofi
480b335c-ae9c-4ceb-9d75-6cd78647b9af,Christian Durrell,xkonto,Institutionen för medicin
e6481ba4-e4ef-4ec5-b52c-23bef27ad032,Thorsten Rounds,xkonto,Göteborgs universitetsbibliotek
b2d93eb6-81b9-44d6-95b3-ef129c3d2737,Thorn Armal,xkonto,lingvistik och vetenskapsteori
72a0304b-d764-4f75-92c1-9358f297ef3b,Carissa Charte,xkonto,Förvaltningshögskolan
72490e87-1adc-42ea-91d0-5eb701d1bbdd,Katey Gosart,xkonto,Institutionen för svenska
66ba1f0c-31f1-4bb8-8be4-543be4cbcd10,Cara Cluckie,xkonto,Programinstitution för Ämneslärarprogrammet
5e4eba0c-a6b5-453c-8232-8875a4658a05,Adolphe Warwick,xkonto,Institutionen för kulturvetenskaper
05f4a142-7892-4255-a006-8bb7bf817d77,Viviene Kezar,xkonto,Institutionen för medicin
5e16b836-355a-464b-867a-ae8da9399082,Tiffy Calderon,xkonto,flerspråkighet och språkteknologi
af43efde-63c4-449d-b1aa-09f75a7f90e1,Margaux Godleman,xkonto,HDK-Valand - Högskolan för konst och design
dcb0dd23-51d8-4ec5-89c3-08adda039de7,Oliviero Vanderplas,xkonto,Institutionen för svenska
0fbb277e-9da1-48e0-bcc8-0f02f49e54d9,Avram Beresford,xkonto,Institutionen för medicin
bc82d00c-823c-4cca-91c5-af86f2d5b356,Nat Lyptrade,xkonto,Institutionen för odontologi
6ab6875e-96be-4c0b-bc84-a7d0a238eb8d,Howie Pryor,xkonto,Förvaltningshögskolan
88acc530-547e-4374-91a7-32a5e2342965,Cam Valentine,xkonto,Högskolan för scen och musik
044b69ff-8db1-4129-9b67-edc0cb7f6aeb,Louisette Reuble,xkonto,Göteborgs universitetsbibliotek
5a58e9bc-8464-4a1c-877d-8ce704f7782f,Batholomew Whiteway,xkonto,Institutionen för kost- och idrottsvetenskap
3b2278b1-e434-40d1-9461-235e468c36e6,Karney Allsebrook,xkonto,Programinstitution för Ämneslärarprogrammet
8b4a2f4e-3cd7-4b85-8cdc-77d6e7365d8d,Dulciana Wadesworth,xkonto,Institutionen för kliniska vetenskaper
add77201-85b4-4ce6-bb95-59402aa72e4d,Philippine Banke,xkonto,Institutionen för marina vetenskaper
b522343b-e00c-4651-b473-32203bf04716,Ogdan Harrington,xkonto,HDK-Valand - Högskolan för konst och design
662f8e80-a3d7-491f-ae8f-c63fe5786d52,Grissel Cardnell,xkonto,Institutionen för litteratur
1974b531-a9e2-4574-a453-38c8d07fd699,Edita Oppy,xkonto,Institutionen för pedagogik och specialpedagogik
623f73a6-9311-4dca-b5ac-ff355fecc5a6,Newton Bladge,xkonto,flerspråkighet och språkteknologi
b12c5414-239c-4c16-83d4-1cafcbacf615,Jamison Oulet,xkonto,flerspråkighet och språkteknologi
30f35e46-1313-4b47-ba76-0953bbe0e51b,Florida Draysey,xkonto,idéhistoria och religion
5b264e52-45a7-48f8-b8d6-9856698b5e08,Marya McGriele,xkonto,Institutionen för kemi och molekylärbiologi
6e7bf99a-4fca-4de1-991d-62deae258b5d,Gawen Aidler,xkonto,Institutionen för tillämpad informationsteknologi
182eb073-3b71-44f8-beac-5215e9d66234,Brent Ravenshear,xkonto,Programinstitution för Ämneslärarprogrammet
6a0c6f85-13b1-4dce-883f-4b5e172f7ed7,Courtnay Gianullo,xkonto,Förvaltningshögskolan
e73f3d8a-319b-41ab-9fea-dcf088c4ac75,Monroe Brinson,xkonto,Institutionen för filosofi
deb5e231-3152-4425-abc6-da1510a956e3,Tish Phillips,xkonto,Institutionen för kost- och idrottsvetenskap
04813f2d-ef50-4896-ad4c-72761bee6a1e,Cristabel Wanell,xkonto,Serviceenheten
20df13b2-e3e4-4e16-b6bb-aa44fc9c8aad,Ardith de Banke,xkonto,Förvaltningshögskolan
ce12c7bf-d602-4965-9e63-a171d00e4baf,Terence Haith,xkonto,Institutionen för filosofi
e9c51b8a-b262-4265-97e4-9a565482fdfd,Clyve Weeds,xkonto,Psykologiska institutionen
3893bbf1-49ff-4976-a83c-ce881ef04fa9,Innis Victory,xkonto,Förvaltningshögskolan
35c7cf82-8935-44eb-82cc-c6b03b868e51,Almeta Burghill,xkonto,Institutionen för pedagogik
7050e8de-9bf3-4c96-ad34-520ae0776601,Renate Wheaton,xkonto,Institutionen för marina vetenskaper
3e8846fd-59ec-4f7f-a5f8-526066e04400,Dru Masters,xkonto,Institutionen för sociologi och arbetsvetenskap
bcaab664-7516-43d5-9f0d-bc9a2f54c7ed,Con Ritter,xkonto,Institutionen för kost- och idrottsvetenskap
9348ad47-d40e-4a11-8f07-b74a492b3270,Kathrine Lugton,xkonto,Institutionen för fysik
972d5878-4764-4d0b-9481-af6bce3b4bb2,Josefa Baldick,xkonto,Institutionen för historiska studier
c9359057-c9bf-4a59-b797-bdf7664e9b43,Mannie Yoseloff,xkonto,Institutionen för kulturvetenskaper
45a70410-dd1a-4a6c-950b-b04e7ecac16f,Maurene Goatman,xkonto,HDK-Valand - Högskolan för konst och design
85a24c93-e854-4403-9c93-f6e9301f2f81,Ronnica Muriel,xkonto,Institutionen för sociologi och arbetsvetenskap
98a89b4d-bd96-4cc8-941e-580c09126a23,Frasquito McCerery,xkonto,Förvaltningshögskolan
d4bfa174-b6f9-43ce-afeb-e0c9c99347bc,Jaimie Tumini,xkonto,kommunikation och lärande
b7250d1a-f9ac-4e36-8376-ef6aa41dd87c,Jesselyn Whiskin,xkonto,Institutionen för pedagogik
2c476f79-86f2-4fc8-915e-c714ddf4769e,Lee Janeczek,xkonto,HDK-Valand - Högskolan för konst och design
3e143598-7af2-4a0a-922a-15bd4cb02f8a,Ailyn McKane,xkonto,Psykologiska institutionen
14f37a12-a42c-4020-bf7b-0651376000f9,Patrizio Seago,xkonto,Institutionen för didaktik och pedagogisk profession
2e3d7fc6-bb09-439e-b333-a5b729f34b3d,Hilary Emanueli,xkonto,Institutionen för pedagogik
d61b8ca0-06f9-460e-8ba1-cce3f97ef9f9,Staffard Brechin,xkonto,flerspråkighet och språkteknologi
e7281f1b-944e-4575-bea0-de7f44e3e64c,Terri Coutts,xkonto,Institutionen för kulturvetenskaper
255fd9f9-6332-4ab4-81a6-ada53c8dd0c5,Kenon Wolfendell,xkonto,Institutionen för vårdvetenskap och hälsa
7f73acef-e56b-4601-b1e9-672ee006b34c,Jaquith Gilfillan,xkonto,Göteborgs universitetsbibliotek
c27c83f1-36ae-431a-891d-c7f6f6b43bd6,Galen Johnsey,xkonto,Programinstitution för Ämneslärarprogrammet
e076abd5-876e-42fd-a919-c2d362f092f7,Anetta Matussov,xkonto,Institutionen för kulturvård
98a3a899-cb3a-4d5d-9f0a-7c526a379a64,Bendicty Merrell,xkonto,Institutionen för didaktik och pedagogisk profession
5022816b-7998-42b2-b843-f6b8404440dd,Berti Haworth,xkonto,Programinstitutionen för Läkarprogrammet
dffafb3e-5d02-4e2e-9ec2-ee420db91c33,Sisile Roughey,xkonto,Institutionen för kliniska vetenskaper
379ad702-3a1a-4755-9989-14be294431b0,Hamlin Corck,xkonto,idéhistoria och religion
d7bd0a09-a741-45fb-a35d-da9b8c2f848c,Petronella Kierans,xkonto,Institutionen för biologi och miljövetenskap
0866e567-8337-4410-9e7b-aac20dea29a4,Hamlen Mitrovic,xkonto,Institutionen för kemi och molekylärbiologi
d1f0492c-5d24-411b-aebd-f1256ac71acf,Chaddie Yannoni,xkonto,Programinstitution för Ämneslärarprogrammet
2ffe49bc-5f9a-4ab0-a948-70a9f97f88f7,Baryram Amott,xkonto,Institutionen för biomedicin
f812df04-f0fc-4f35-a6fa-1dd3e81db236,Gertruda Itscowics,xkonto,Högskolan för scen och musik
af70ce4c-3b81-4a7d-a286-911ad837f0fb,Matthiew Georgeau,xkonto,idéhistoria och religion
900d41b3-61d9-498b-8e64-8eb1eca0c142,Ashli Giovannardi,xkonto,kommunikation och lärande
8face9f8-8f16-44b4-9ad4-811ffbd85c05,Blondy Hawtry,xkonto,Institutionen för journalistik
53a628be-4146-4331-8679-373ed34c42ce,Fidelity Spiaggia,xkonto,Programinstitutionen för Läkarprogrammet
38a083bc-2aac-4912-b1c3-7a631ecccd00,Lindsey Dairton,xkonto,flerspråkighet och språkteknologi
59a04c68-a3e2-4bde-a3fa-a730879661c3,Karlyn Bricham,xkonto,Institutionen för geovetenskaper
a1987123-adce-4498-bbf5-a081e9adbadc,Vyky Eborall,xkonto,Göteborgs universitetsbibliotek
2a7baa7d-3b4a-4b27-8cc2-c5341bca960d,Marni Smeal,xkonto,Institutionen för språk och litteraturer
672c18ff-27f7-43b8-97e4-c8d41a0bfccd,Herbert Gramer,xkonto,Institutionen för didaktik och pedagogisk profession
6679c5f3-4c68-424b-97eb-7d5f188cf60a,Mae Lehr,xkonto,Institutionen för språk och litteraturer
f0afef8d-acf0-4aa0-9bab-f523386bd833,Henderson Brokenshire,xkonto,Programinstitutionen för Läkarprogrammet
db98c27b-9a21-4966-83f4-d3e256b07cb2,Hermia Palk,xkonto,Institutionen för svenska
d642ce7d-afe2-48a9-b046-12208f267bbd,Hailee DelaField,xkonto,Statsvetenskapliga institutionen
76cec33f-a708-4185-bb74-77bd4ce44595,Catherina Pougher,xkonto,Institutionen för pedagogik
5de016a2-4590-4b23-8523-1227e1e4a7d2,Thaxter Myrtle,xkonto,Institutionen för socialt arbete
c9cefd86-9c75-4ea3-8922-305f22b84f85,Jaime Winters,xkonto,Programinstitution för Ämneslärarprogrammet
8e382695-0cf6-48a7-822a-60ca1c28eb69,Addi Billison,xkonto,Institutionen för språk och litteraturer
07c9725d-da45-4d25-afd6-4f5afe35383b,Marthe Kynman,xkonto,Institutionen för kulturvård
d034bda9-a4e8-42ce-bcc8-0f8995ae0f36,Valene Calderonello,xkonto,Institutionen för biomedicin
c260f5c2-98eb-4e92-b8f0-8f166cb39b2f,Adaline Chown,xkonto,Psykologiska institutionen
2fcb9086-641f-4fa4-8e68-557a154aeb1f,Ulises Dankersley,xkonto,Institutionen för svenska
e0bddd2d-c7e8-4d9a-a9e3-2c5dd0537e0f,Maximilien Batt,xkonto,Statsvetenskapliga institutionen
ff3a8fa1-3ea4-4d8a-92e1-bf86508b2c0a,Rey Gilbanks,xkonto,medier och kommunikation
3157f8ab-9a79-48de-bc94-d17a4bec9d49,Bonita L'Amie,xkonto,Institutionen för biologi och miljövetenskap
f91d6be9-abb3-4c91-9710-1d949e63ed6a,Claudia Furley,xkonto,Högskolan för scen och musik
a02ca3cc-525e-4d59-9389-866771f1cb23,Roshelle Butterfield,xkonto,Institutionen för matematiska vetenskaper
b62a4421-0b49-4152-802d-aaa852f1436a,Carlin Nyssens,xkonto,idéhistoria och religion
3dbe7dd7-507f-4295-9651-3afa03a71504,Marcellina Morrice,xkonto,Institutionen för vårdvetenskap och hälsa
997ba7a9-3dc4-4e1c-9d26-068f869c9972,Thom Snell,xkonto,Programinstitutionen för Läkarprogrammet
1ccc59b9-92db-4240-894e-6bdf37fc2b9d,Matthiew Izaac,xkonto,Institutionen för litteratur
3ea5a26c-492f-4e39-8d73-5fe981e99209,Hardy Gathercoal,xkonto,HDK-Valand - Högskolan för konst och design
608300f8-5203-457f-a8ee-bbfb5ad9fe5e,Paddy Loveridge,xkonto,idéhistoria och religion
98344b58-021d-4574-8c9d-73a90a69eea9,Alexander Rhucroft,xkonto,Institutionen för pedagogik
92e09d33-6671-400e-992c-3c94a3ef1b8b,Alanna Cirlos,xkonto,Institutionen för kost- och idrottsvetenskap
be090b1f-b5a6-4db6-bd90-0ab049d2e445,Kippie Sydry,xkonto,idéhistoria och religion
27aca78e-59c3-4b8d-8d14-2582cb50fd95,Yehudit Searby,xkonto,idéhistoria och religion
f450f7a9-f43c-4ab1-b065-3f9d688b957f,Belvia Thelwll,xkonto,Institutionen för globala studier
3a6c12c9-194c-4cac-a0cf-f0b4c8cd4878,Benjy Schlag,xkonto,medier och kommunikation
6aed0c43-23bc-48ca-a411-2668961d1fba,Hertha Lawton,xkonto,lingvistik och vetenskapsteori
40b86e89-40c9-43d4-877b-c30c24e38374,Maison Luckett,xkonto,Institutionen för fysik
c455c30f-68ea-46d4-83d1-984a453196b9,Felisha Streatley,xkonto,Institutionen för matematiska vetenskaper
d8ce1bb9-3d2a-4da1-b87b-fa30c1bfb85d,Edythe Otson,xkonto,Institutionen för neurovetenskap och fysiologi
2d975e9d-840f-40c9-aeac-d891b31b5eb2,Georgine Dahlbom,xkonto,medier och kommunikation
8fcb0018-59f6-43b2-8fc9-bfa57e673f62,Angelica Alenin,xkonto,HDK-Valand - Högskolan för konst och design
e292183f-2a8c-472f-a549-0e36a5cd2fba,Maudie Matias,xkonto,Institutionen för marina vetenskaper
55347e9f-a8e8-4936-b49a-920a5669064a,Bernice McTrustam,xkonto,Institutionen för pedagogik och specialpedagogik
b0edc540-3432-4417-be5f-424003f53282,Edithe Seaborne,xkonto,Institutionen för pedagogik
236f8de2-47e0-4077-8b9d-f48af123da8b,Wilhelm Moggan,xkonto,Högskolan för scen och musik
157d865d-f1ae-4209-81bd-2aafad72e433,Davon Stanney,xkonto,Institutionen för filosofi
6256916a-bb3b-464c-9823-7430d978f7a5,Dulcy Squibb,xkonto,Institutionen för odontologi
868f69e8-5582-4fbb-bf15-353b89cd50e1,Katharina Darque,xkonto,Institutionen för sociologi och arbetsvetenskap
573f4b13-f265-4d34-843b-c8b915900cb7,Callida Haet,xkonto,Programinstitution för Ämneslärarprogrammet
5676fda8-d4b2-4fdb-8ef0-01fd53c6b33e,Osborne McDermid,xkonto,Institutionen för tillämpad informationsteknologi
b284651c-0989-435f-ad4a-7d828d7a825f,Maud Southern,xkonto,Psykologiska institutionen
a1710d8b-bea1-4beb-a000-acf2e15842aa,Bobina Dowson,xkonto,Institutionen för kost- och idrottsvetenskap
5c3d0797-0767-4a65-9e50-40d9546680d4,Kristoforo Heakins,xkonto,Institutionen för globala studier
959faafe-eeca-443e-8310-4cf763fb7025,Zilvia Falck,xkonto,Programinstitution för Ämneslärarprogrammet
a2a0f48e-349a-46df-8def-0eaffac977cf,Birgit Goulstone,xkonto,Institutionen för data- och informationsteknik
072d2a76-0ed3-4e0b-a37c-56ad3201414f,Cecilio Irdale,xkonto,Statsvetenskapliga institutionen
eb25f8f1-48f7-44db-b39e-4f33f6fd363b,William Van den Oord,xkonto,Göteborgs universitetsbibliotek
20432f61-f8b5-45be-b2e2-4b8c9a1900fa,Christiano Rickesies,xkonto,Institutionen för historiska studier
e5ee4231-794c-441f-8ef9-ff7352a5621a,Sara Truran,xkonto,idéhistoria och religion
f78aaec4-aaa7-42e7-8827-c968a34fb019,Malvina Petrovic,xkonto,Institutionen för pedagogik och specialpedagogik
23b2028b-56a8-415a-a7e8-8762316ed450,Wilie Klimkiewich,xkonto,Institutionen för geovetenskaper
694ec8d9-4437-4889-8b16-d16b2b117852,Daryle Corde,xkonto,Institutionen för odontologi
73afc8b2-299f-480f-98df-f2c9ccf5728a,Fan Meaton,xkonto,Göteborgs universitetsbibliotek
9f1b3706-7351-4ac5-8bfc-79f0c623f22e,Hugh Bice,xkonto,Institutionen för kliniska vetenskaper
dd918ee1-ed60-4e82-872d-6f0cc7cefded,Nike Caghy,xkonto,Institutionen för data- och informationsteknik
5c52df63-0893-4db6-b265-671fcead6342,Stillmann Strattan,xkonto,idéhistoria och religion
732e68e7-b9b4-4ee5-911f-1104b5dd473c,Arthur Tuison,xkonto,Institutionen för matematiska vetenskaper
125d00ec-4dfa-48c3-a3dd-372e429428c6,Katina Foye,xkonto,HDK-Valand - Högskolan för konst och design
20eae44e-f924-4a3c-a0c6-79b2a6a98744,Clovis Fairholme,xkonto,Institutionen för litteratur
92cb9cd1-f29e-4a3a-a329-1ce9cdebe9ca,Jeff Orlton,xkonto,Institutionen för globala studier
cba9421b-7e0f-4b2d-a2d1-d13ba9810be5,Katine Ghiotto,xkonto,Institutionen för biomedicin
d7fc3a9b-95b0-4a95-a6cd-b98d48b9c865,Antonetta Laurent,xkonto,Gemensamma förvaltningen
b2bb05c5-fcab-41ee-83e6-c2c2ed94dfd9,Nell Estabrook,xkonto,Institutionen för historiska studier
c38e00d0-4b41-4d9d-a4c3-5a57d972d927,Ludwig MacClenan,xkonto,Förvaltningshögskolan
cc9a144c-e134-42e6-813f-c1104b627b75,Link Parmenter,xkonto,Institutionen för tillämpad informationsteknologi
2a27b5cc-e1d4-451d-b059-dbdcbcaaafd5,Salomi Scholler,xkonto,Programinstitutionen för Läkarprogrammet
4f4e7c5d-58c5-4aef-ac4a-674c28f5032c,Ravid Tumbelty,xkonto,Institutionen för fysik
be9ab615-123d-4986-8a47-1d09771bf402,Domenic Bagge,xkonto,idéhistoria och religion
19279744-03d5-4b16-92f8-91407b8913cc,Ashley Crosson,xkonto,Institutionen för pedagogik
50f8794e-1544-4647-b098-839f9c9f29e0,Aldwin Cordelet,xkonto,Institutionen för vårdvetenskap och hälsa
c3ed0684-127c-4047-9d5f-6e94f58e698b,Shana Athersmith,xkonto,Institutionen för kulturvård
d17c7770-3270-44b6-bda3-7cf4b16302a8,Marabel Fishwick,xkonto,Programinstitutionen för Läkarprogrammet
aed3919b-1bce-4770-a6a7-417853bd4d68,Blisse Drewry,xkonto,Institutionen för geovetenskaper
e6d821a4-69d0-4d63-b4b3-1c92ccfc296f,Abey Showl,xkonto,Göteborgs universitetsbibliotek
1465944d-45d9-431e-a581-566d0b6054e7,Lamar Ventom,xkonto,Institutionen för historiska studier
173386f8-5510-46f4-a6c3-79f094819cf1,Michail Cana,xkonto,Institutionen för språk och litteraturer
bd769e2c-eebf-4f46-aded-896991747c5a,Eliot Gitting,xkonto,Institutionen för didaktik och pedagogisk profession
8430a8b0-80a7-49f1-87b4-8ed800eb511e,Clementia Pyser,xkonto,Institutionen för kemi och molekylärbiologi
2926a45a-efa6-4a74-a644-2bcd674b18e4,Mildrid Scare,xkonto,Institutionen för kemi och molekylärbiologi
16b975f6-d94c-45bf-a94d-0d75c5bf750a,Amandy Claus,xkonto,Institutionen för kemi och molekylärbiologi
7f3c5ae6-cd1a-47bb-8fc0-22edc29bd74a,Nonna Simenon,xkonto,Institutionen för kulturvetenskaper
10381458-7bdc-4c4b-b1d0-f98213d41832,Grazia Legate,xkonto,Institutionen för kliniska vetenskaper
bd92c64a-99c2-4523-9900-672f99ecaf4a,Wiley Tooting,xkonto,Institutionen för tillämpad informationsteknologi
ce4ecf55-bd4c-4ffc-81b2-bf0250228d00,Danie Lytle,xkonto,Institutionen för pedagogik
7091bd23-5bd4-4d6e-b064-32068b791d42,Quintilla Rosenfeld,xkonto,Institutionen för matematiska vetenskaper
f067d054-1341-4e8f-a7e4-a246a4c11b84,Katlin Zuenelli,xkonto,Institutionen för svenska
31f1efc1-d3b2-49c0-bfb9-e1cff6d4c13c,Fancy Albrook,xkonto,Programinstitution för Ämneslärarprogrammet
5fb70b70-92c1-4470-9ac8-50a01081f170,Carolynn Kleinplac,xkonto,Programinstitution för Ämneslärarprogrammet
fdc251c3-6e66-4c2b-926a-8b99e4700456,Mischa Killingbeck,xkonto,Institutionen för matematiska vetenskaper
1066d7de-fca3-4c74-982c-2fa48499e1bd,Rodd Dillinton,xkonto,Högskolan för scen och musik
c4367ae2-b50f-4875-bafa-b7829f276e76,Sharl Risley,xkonto,kommunikation och lärande
10bcb939-1e3b-48f9-b951-164333d0729d,Alicia Maben,xkonto,Institutionen för journalistik
7a49d71a-e3e7-4947-842e-ecd0b499444a,Yoshiko Gall,xkonto,Institutionen för kliniska vetenskaper
4fcc2891-13da-4520-a63d-cf2681a0b403,Melonie Swabey,xkonto,kommunikation och lärande
f0668aa0-2e84-4f45-89b8-c7648b38060b,Monica Sartin,xkonto,Göteborgs universitetsbibliotek
e6006e8c-9437-4561-8778-e079c449fcd6,Maryjo Rendbaek,xkonto,Institutionen för pedagogik och specialpedagogik
b2b27f13-ae02-4240-a8d7-258cee0536d9,Shep Kiwitz,xkonto,Statsvetenskapliga institutionen
8852c365-35c1-44c5-a312-2c999ed023ef,Dian Lynde,xkonto,Institutionen för fysik
238417bc-bf01-4463-9fbd-9480a46a8df4,Joel Phorsby,xkonto,lingvistik och vetenskapsteori
e6c6e4d5-5da1-4028-a9ab-beb6b7f02629,Stefania Jasik,xkonto,Institutionen för geovetenskaper
658ddda0-e06d-4113-800d-4bfa49be230f,Bobine Patience,xkonto,Institutionen för pedagogik
a5758186-90a9-4c6c-854a-ba09e3ef5f23,Bartlett Cambling,xkonto,Serviceenheten
63d3da74-569f-41b1-944d-a61fd860c8a0,Cherin Epps,xkonto,lingvistik och vetenskapsteori
31bc694d-1977-4ce1-bac5-cd76de1477ad,Minette Buye,xkonto,Institutionen för fysik
eb24b687-9a75-4993-bddd-d310a9a2b4db,Josepha O'Hickee,xkonto,Statsvetenskapliga institutionen
106cb6b1-9d3e-4b30-9f64-356c1688c2e2,Millie Lidell,xkonto,Institutionen för kulturvetenskaper
b0feba5d-1a33-490e-92e4-077e83c9a88b,Rancell Bang,xkonto,Institutionen för historiska studier
37be74ed-d4d3-4868-8ad1-d681bb6f6ff8,Susie Dennington,xkonto,medier och kommunikation
d60ab89c-275c-43c6-95aa-0d4c4c34fd33,Chelsie Havelin,xkonto,Institutionen för pedagogik
69a7598b-646f-4328-9fbb-54960224d0b7,Clemens McEniry,xkonto,Institutionen för sociologi och arbetsvetenskap
a5946fb1-5be5-4fd2-a040-5685454c6955,Kerri Gartin,xkonto,Institutionen för marina vetenskaper
b6f256c5-ca48-42ac-b07a-63fbc19da56b,Gus Whartonby,xkonto,Institutionen för svenska
8af9ff0e-bf28-49c7-847e-d7bd4026cc36,Andie Naden,xkonto,Institutionen för didaktik och pedagogisk profession
9d401323-690c-481d-9f6c-55c16ba9fd5c,Janette Unger,xkonto,Institutionen för historiska studier
40188b1c-27b0-4c20-ad37-b8943b1337ec,Elnora Allard,xkonto,Gemensamma förvaltningen
8c0f661f-fe29-4d81-a560-c3bc079c3db9,Delcina Bonome,xkonto,Institutionen för didaktik och pedagogisk profession
bfd2f348-1044-4ed3-9885-23704685dc24,Papageno Kettlesing,xkonto,Förvaltningshögskolan
6a4f0862-927d-4431-8916-2da5345b8563,Rancell Beathem,xkonto,Förvaltningshögskolan
d279cb05-8eb0-46a8-a35b-61fb51388b82,Jayne Fluck,xkonto,medier och kommunikation
69d75da2-5c20-426c-b1fd-78bd761863ac,Winifield Vaughton,xkonto,Institutionen för biomedicin
4661ddef-8612-4940-8fc9-363596e626b4,Domenic Loads,xkonto,Institutionen för pedagogik
01d22bfb-6c8e-4b46-b413-2b74eac2caee,Romy Castenda,xkonto,Institutionen för svenska
a38bea0a-cf28-4843-9e74-d07e00594f2e,Jonie Hatterslay,xkonto,flerspråkighet och språkteknologi
0f47f9f8-df63-40e6-a342-2fc220c1eb31,Lonni Leades,xkonto,kommunikation och lärande
a23c9ab6-5479-4bf5-8a6f-06e648802db3,Alley De Cruz,xkonto,Institutionen för tillämpad informationsteknologi
f6a27ee2-cffe-4b7b-bdf5-d8416b54a738,Humfried Rake,xkonto,Institutionen för socialt arbete
93117edd-023d-4bbb-aba5-eec8cf34ec53,Marty Jeacock,xkonto,Institutionen för globala studier
edc1be5b-d776-44b7-a024-cd2863c95e7c,Rosemaria Jenking,xkonto,Institutionen för filosofi
3f257a43-e4a4-4f3d-aa6f-09c38381afc9,Ardra Kenningham,xkonto,Programinstitutionen för Läkarprogrammet
5abb5f25-45e9-4c12-ac87-51db717a5e3f,Octavius Lesley,xkonto,Institutionen för neurovetenskap och fysiologi
d7423c46-e5b4-41d7-b030-2937f2577775,Becky Broseke,xkonto,Institutionen för geovetenskaper
71d8660c-b655-4a4c-826e-450a7ab5e64c,Aylmar Benedyktowicz,xkonto,Institutionen för socialt arbete
ca53738f-3f77-4dcb-89df-9eb0ae778ac0,Ermentrude Locket,xkonto,Institutionen för filosofi
6c5227b5-7f62-4c6f-9261-ccce9af07b40,Gardie Simko,xkonto,Institutionen för kost- och idrottsvetenskap
7add2ae0-7ca2-4000-b850-06804606da3c,Gibbie MacMakin,xkonto,Institutionen för neurovetenskap och fysiologi
53900c14-35f0-46be-9889-46898b2a9bd1,George Leydon,xkonto,Institutionen för fysik
e8cd24a3-81cd-4f84-bce8-d592cb64eab7,Anders Skerme,xkonto,Institutionen för odontologi
6ee44365-b3a1-42eb-82e0-021ddad1895d,Katy Pywell,xkonto,Institutionen för språk och litteraturer
89c865e7-466f-4247-b975-8db47e3db03e,Maryl Malloy,xkonto,Institutionen för tillämpad informationsteknologi
e95cb21e-b8ab-46ff-bc01-0cb2b3eca365,Jacinta Tesh,xkonto,Statsvetenskapliga institutionen
cb5cbced-171d-4aeb-8a6f-a5506ea08744,Tad McAw,xkonto,Institutionen för pedagogik och specialpedagogik
12082184-7454-4a31-a005-1aa647ccc255,Kath Abisetti,xkonto,Institutionen för historiska studier
ee3586a1-d191-4b1b-8eab-37f40bff838c,Virginia Foale,xkonto,Institutionen för vårdvetenskap och hälsa
1517ba11-90d8-49a3-b7ca-17663f2b26a6,Lillian Ivanisov,xkonto,medier och kommunikation
6594c190-0049-42ea-8b54-a94d747ddc86,Aluino McSwan,xkonto,Institutionen för kost- och idrottsvetenskap
77d9bdee-0e9c-434a-8432-fc3b403fb865,Caty Gruby,xkonto,Institutionen för tillämpad informationsteknologi
046864e7-3f07-44b2-8b81-d45d09269fb8,Jonas Jannequin,xkonto,idéhistoria och religion
20ef5e47-cbea-48a5-ae32-ad3b258360b8,Beverly Evennett,xkonto,Institutionen för sociologi och arbetsvetenskap
0fb4e846-366e-4ed4-a47a-b9084783e7a1,Jed Taggerty,xkonto,Institutionen för medicin
4354abc0-bce4-44ab-ad6d-11335eb1824d,Dalenna Yerrell,xkonto,Institutionen för filosofi
dc6bec4a-5168-4c02-8b08-1054be2dd083,Byron Faragher,xkonto,Förvaltningshögskolan
b31feb4d-663c-4372-bfe1-6368eaccdebf,Caty Twiddle,xkonto,Institutionen för vårdvetenskap och hälsa
8645529b-fc9b-40d7-a9e9-d4e17810b81b,Daveta Blancowe,xkonto,kommunikation och lärande
687310e8-ca32-4fe9-859d-69929ee1d5a2,Malvin Denidge,xkonto,flerspråkighet och språkteknologi
549350d9-a5b0-4e92-87f4-bce8390d739c,Richie Dowty,xkonto,Gemensamma förvaltningen
db795642-c35a-436c-86ce-933eaad4a249,Laurent Jahns,xkonto,Institutionen för marina vetenskaper
7f2239f5-d926-43c4-91f0-34cf92673b18,Harmon Ditt,xkonto,Serviceenheten
1a393028-68dc-4461-8185-80dc92cbcf56,Rona Blaxall,xkonto,Institutionen för kulturvetenskaper
dc01d541-9b06-490f-9e4f-eb4ed834dbec,Edwin Brien,xkonto,Institutionen för didaktik och pedagogisk profession
986dfafb-d4da-4f4d-be04-e9324d7e1641,Shelly Cathee,xkonto,Institutionen för journalistik
92430b8f-aeb3-474b-a657-773c546bb364,Bettine Nineham,xkonto,Programinstitutionen för Läkarprogrammet
50d77301-7d25-48de-85a9-25ffd1159d93,Danni Lohmeyer,xkonto,idéhistoria och religion
8008b2ad-3659-48bc-a968-f5d31b9bf309,Dulciana Langhor,xkonto,lingvistik och vetenskapsteori
b693d7e3-4ef1-4358-8861-915c4562e4d9,Dulcy Maddigan,xkonto,idéhistoria och religion
a6afa67e-5319-41f2-bff4-55b66353429d,Lowrance Nairy,xkonto,Institutionen för odontologi
0d37003d-53ca-4ba2-b772-4c4886f763e1,Prisca Hartridge,xkonto,Institutionen för fysik
120f980f-34ac-42ed-8cc4-b138f783a124,Farlee Harling,xkonto,Programinstitutionen för Läkarprogrammet
0034ce84-9c94-45b4-9ec1-9328e0b3c7e7,Edna Trembey,xkonto,Institutionen för historiska studier
870d03fe-07a2-4ff6-8bd9-c0364b083425,Christy Varley,xkonto,Institutionen för neurovetenskap och fysiologi
ee9814c5-81ca-446b-a5a0-97ede2a0aa5a,Doria Lauridsen,xkonto,Institutionen för matematiska vetenskaper
4b133d70-6b17-4812-a266-176f550bc016,Horacio Drysdell,xkonto,Institutionen för vårdvetenskap och hälsa
77a2da05-2057-4b92-8944-8a1e680534d4,Pippa Lethbrig,xkonto,Institutionen för kemi och molekylärbiologi
cf403127-47f9-4985-8317-122789452a12,Emile Bostock,xkonto,Institutionen för historiska studier
b75c88c1-497e-4073-ae4d-8ff5c23ac2d4,Franzen Daid,xkonto,Programinstitution för Ämneslärarprogrammet
d88ef364-7d0b-423e-a312-c484c9f89b94,Ike Goulstone,xkonto,Institutionen för historiska studier
b25fe124-d269-41d6-9bf1-8af4d1485f03,Andreana Locock,xkonto,Institutionen för filosofi
e7f9f681-7b04-4e37-9f35-b14ae499609b,Pembroke Trunks,xkonto,HDK-Valand - Högskolan för konst och design
2d5d7006-8291-46be-832b-89f7b5e5b308,Winny Loud,xkonto,Institutionen för vårdvetenskap och hälsa
0ac2be7d-a1b5-4899-bab0-e512ed8f4728,Ivett Backhouse,xkonto,Institutionen för kulturvetenskaper
31cc2054-36d7-4a08-8fe6-ecbda247fba9,Maribeth Binder,xkonto,Institutionen för vårdvetenskap och hälsa
caae848f-ce2c-4465-a043-c57f27555a59,Tab Coombes,xkonto,medier och kommunikation
a1780894-7cb4-4a20-9dae-efbea91dcf67,Duff Hillyatt,xkonto,Institutionen för neurovetenskap och fysiologi
07fddf16-603a-4c77-978e-de68a11aa940,Kalli Ireson,xkonto,Institutionen för tillämpad informationsteknologi
90527ddd-cb53-40ef-b1a0-8da544ba15bb,Diego Cannaway,xkonto,HDK-Valand - Högskolan för konst och design
c98ef6fe-7d23-47e7-955a-1be85eb94618,Micki Weich,xkonto,Institutionen för pedagogik
53823025-8759-4e38-bec6-436092c3d054,Hasheem Gaveltone,xkonto,medier och kommunikation
2fa812cb-accb-421a-854d-8faea26430a6,Ewan Hamsley,xkonto,Institutionen för odontologi
00aff4f9-68bd-46d3-93d4-a118fc50b6bd,Waite Blencoe,xkonto,Institutionen för språk och litteraturer
b13ab00b-93b6-41a9-8491-99fc40f0c9ed,Gayler Solway,xkonto,Institutionen för historiska studier
5480c59e-c922-427d-8a15-41a15db1ca96,Janella Luscott,xkonto,Institutionen för marina vetenskaper
3978a083-c949-47c1-9ad7-6c94cc65e79a,Alexandro Barbier,xkonto,Institutionen för kost- och idrottsvetenskap
bb06871c-70ba-476b-ad16-95727a806c30,Raul Cossey,xkonto,Institutionen för pedagogik
fef3ceb4-2603-4f21-9035-177b8b8af9e1,Darrelle Durram,xkonto,Institutionen för litteratur
185a9bdf-7b90-47ee-aed9-5333bbb93e0a,Barbabra Willson,xkonto,Institutionen för litteratur
9fddc855-e3ad-47c2-afb1-2ea5f152f680,Filberto Goodwell,xkonto,Institutionen för data- och informationsteknik
d906bbea-cfd6-407d-836c-d23a860396a8,Jamey Emmer,xkonto,Serviceenheten
2942b877-db6a-4cfa-b6f3-19a4b25c65d7,Roseann Meddows,xkonto,Institutionen för matematiska vetenskaper
78a392b8-2ab7-4fe5-9c60-bf50731001e3,Basilio O' Mara,xkonto,Psykologiska institutionen
0b237859-17e3-490d-8931-514eee9715a2,Bartel Nyland,xkonto,HDK-Valand - Högskolan för konst och design
c6589e15-75e4-4e33-879c-69792decb7a5,Quinlan Kayzer,xkonto,Högskolan för scen och musik
926718f5-500e-491e-8b8e-9177ed0013e3,Berny Gilluley,xkonto,Psykologiska institutionen
8a26703e-276c-4cd2-8510-9c2f3323a662,Barnie Cawthery,xkonto,Institutionen för journalistik
b7f703b3-08fe-42e1-9d97-1689b2e0e144,Aloin Van Brug,xkonto,Institutionen för svenska
260149ac-1a97-486d-b846-7ba8c530609d,Aidan Lardiner,xkonto,Programinstitutionen för Läkarprogrammet
b98ed5dd-c2f7-4b39-991d-1b92ff3fa910,Beitris Luttgert,xkonto,Institutionen för odontologi
7f5babc1-40a6-49f7-b324-b60a70d34dd7,Dael Pebworth,xkonto,Programinstitution för Ämneslärarprogrammet
81c1c5ab-67d5-48d1-b8e1-16651360d22a,Blair Rees,xkonto,Institutionen för matematiska vetenskaper
b74b06bb-a1b6-4408-a606-6bf640782fd1,Janifer Wilmore,xkonto,Institutionen för data- och informationsteknik
2dd26a44-fdf3-487f-b02d-964ed0147757,Veriee Stinson,xkonto,Institutionen för matematiska vetenskaper
3b272882-2a69-4c6c-aa32-29ac6f01499d,Cloris Wathall,xkonto,Institutionen för pedagogik och specialpedagogik
f2a809df-5b28-42d2-949d-89014d9e73c2,Pietrek Manterfield,xkonto,Institutionen för biomedicin
e8f3cb26-5125-49a9-b75f-35c19df8778d,Hewet Ickowicz,xkonto,Statsvetenskapliga institutionen
a6e5c9bf-96a0-4c7e-908e-565faf93ff07,Tuesday Nornable,xkonto,Institutionen för globala studier
921623a1-e17e-4fd0-b20d-7f6fb69d1365,Nadia Conigsby,xkonto,Institutionen för litteratur
09bdb66f-db5d-456e-b1f3-87bda65f5926,Jordana Legister,xkonto,Institutionen för språk och litteraturer
55763588-4eec-4d23-b329-1b49e82e342e,Brandea Hedworth,xkonto,HDK-Valand - Högskolan för konst och design
b3f97651-06f3-487c-81b1-2bacc27a0f4c,Jory Yakovich,xkonto,Institutionen för svenska
8992182c-ce3e-4118-99b4-25fa1972e308,Nedi Load,xkonto,Serviceenheten
3c91df77-83f1-4f2b-bb49-904eb731e851,Jorgan Zold,xkonto,Institutionen för pedagogik och specialpedagogik
03b7f50a-fd0f-4242-8ecd-62cd14d77799,Agata Hazart,xkonto,Institutionen för fysik
1a10a377-bdbd-498c-90e2-eb51583922df,Ransom Thumnel,xkonto,Institutionen för kulturvetenskaper
7a512819-acf8-4a22-8a13-298fc03fc99b,Chicky Bennoe,xkonto,Programinstitution för Ämneslärarprogrammet
64eb544f-b9ea-4bc9-9bec-90b4838f14d9,Tamiko Weller,xkonto,Göteborgs universitetsbibliotek
61a60a29-ceb0-4932-81dd-d1bd080746b5,Spenser Wolford,xkonto,Institutionen för socialt arbete
d9012a1d-5721-495f-868b-3866d153c75f,Eliot Lyver,xkonto,Institutionen för historiska studier
b1deb0b6-edb5-478e-bdb1-569fe1e09a95,Les Rops,xkonto,Institutionen för kliniska vetenskaper
3e59b3a6-22a7-4f66-ad26-44cc3532abc0,Alessandra Dimeloe,xkonto,Institutionen för filosofi
426dbebc-3de2-48d4-9afb-cdcdbc63247c,Rebecca Tompkins,xkonto,Programinstitution för Ämneslärarprogrammet
6b6e047f-f1e9-4b7a-a9d6-c160541b865b,Hildagarde Petty,xkonto,Programinstitution för Ämneslärarprogrammet
34a025ad-3102-44dc-8920-0e4ab6058d1a,Ronny Apdell,xkonto,Statsvetenskapliga institutionen
fb214ef1-fb50-44d6-bee6-f923e2ff7c38,Agatha Yushachkov,xkonto,Institutionen för globala studier
6d3271e0-bd31-44e0-8418-829b86a987cb,Ursuline Delion,xkonto,idéhistoria och religion
fa14458e-18fc-4f53-85db-3b90b61a2402,Cory Lawlance,xkonto,Statsvetenskapliga institutionen
2db39d11-97a6-4265-bb5f-da9f7a25ba4d,Ruthe Bayns,xkonto,Institutionen för kost- och idrottsvetenskap
26af0874-9a86-4d80-b91f-675d954f0f2d,Charisse McClosh,xkonto,kommunikation och lärande
44837b58-9614-4f4a-89ab-69d48b9a6ae6,Monro Cammocke,xkonto,Institutionen för kemi och molekylärbiologi
b1c728e8-972c-4a1c-90ff-a84bc87356e6,Paulette Christou,xkonto,Institutionen för globala studier
f0e83d15-ac26-44d5-af96-0bb6c4d79526,Ted MacCook,xkonto,Institutionen för marina vetenskaper
f0cdac7e-590b-4eb4-a240-132f60bb669e,Orlando Jolland,xkonto,Institutionen för didaktik och pedagogisk profession
9ec212ad-fac9-4763-8837-75f265e62463,Constanta McAlindon,xkonto,Institutionen för tillämpad informationsteknologi
5f414283-e91c-4155-936a-3db0ec7178e2,Laraine Fallawe,xkonto,Institutionen för pedagogik
d66e3e79-1299-4ca4-9b46-250932c5abf4,Ase Stanyan,xkonto,Institutionen för biomedicin
d2a569b7-d9ce-4658-841f-c9cd8e0c73be,Kassie Rippon,xkonto,Institutionen för globala studier
7e9132a0-e74f-4fb7-92f1-8909b916e111,Lynett Wyvill,xkonto,Institutionen för vårdvetenskap och hälsa
6a53b54a-ee21-4d00-af8c-a3266c0a17a4,Yanaton Allonby,xkonto,Institutionen för journalistik
e9973ef2-e079-4042-9225-f407141b2425,Viviene de Keep,xkonto,Institutionen för data- och informationsteknik
7bd55b33-ddb4-408c-ac6d-47ed9d3144af,Tiffi Noller,xkonto,Institutionen för kost- och idrottsvetenskap
58525dee-f8a4-4179-b3ae-4e2c1b158b89,Darby Migheli,xkonto,Institutionen för sociologi och arbetsvetenskap
aa4eba25-d3d6-4572-a27f-d3e7a3ed2418,Wilfrid Haysham,xkonto,Institutionen för svenska
0962834f-adbb-41c4-a4c7-2d9394de04d0,Saw Hainning,xkonto,HDK-Valand - Högskolan för konst och design
d53b4312-11be-42db-84bc-dd41f2386775,Otto Boyes,xkonto,Institutionen för språk och litteraturer
f0a86ec6-f858-4f18-8524-176bed8fc69b,Brandi Scandrett,xkonto,lingvistik och vetenskapsteori
3280f004-8e6c-405d-8ddf-77e8d1fca214,Olwen Duley,xkonto,Högskolan för scen och musik
f84f06e2-a310-47e8-b6be-e925e3ce0e2b,Antonie Leathwood,xkonto,Institutionen för kemi och molekylärbiologi
67f27269-6d41-44d0-ade5-45922c25cb72,Mab Hebdon,xkonto,Institutionen för odontologi
566ed89f-9818-4f50-8a20-1c1691cf8cd6,Hillyer Cater,xkonto,Institutionen för matematiska vetenskaper
3b5d44d4-a942-4971-b224-40eaabe3d48b,Kandy Van Dalen,xkonto,Programinstitution för Ämneslärarprogrammet
47457292-cee6-4344-a9a0-34dbffbe101c,Bowie Guisler,xkonto,Institutionen för kemi och molekylärbiologi
dfc68209-2c18-40c1-9a96-c485e96f4374,Daphna Tejero,xkonto,Institutionen för data- och informationsteknik
54e02f2b-f967-4208-8095-0e7061764a90,Idaline Howroyd,xkonto,Institutionen för biomedicin
855a6261-14ed-45e7-af79-9b18a07d36a9,Hartwell Leslie,xkonto,Institutionen för kulturvetenskaper
bd2f51db-09b8-4016-b28b-6c5d786c8bcd,Kevin Beese,xkonto,Institutionen för biomedicin
3e2db47a-772b-430e-8cf4-fd65b0fb1492,Adrianna Riding,xkonto,Institutionen för data- och informationsteknik
025eecc8-472c-431c-bfd7-5c552a520c5f,Cyndi Silby,xkonto,Serviceenheten
3a643d51-aecd-4d90-b1e2-16a76853febf,Jere Portman,xkonto,Institutionen för språk och litteraturer
9c36f64d-5e8e-419a-b3cd-6fe0e2a429f9,Anabella Hegge,xkonto,Serviceenheten
c33eaf22-6a39-4fc8-ad62-ec025d4ac6f3,Rollo Gatling,xkonto,Institutionen för historiska studier
38e8e06e-6d6d-4d5e-9445-58a3eb4fe888,Kyrstin Esposi,xkonto,Institutionen för medicin
9d231663-b3ca-4902-9779-43f671cc5fcb,Guillaume Raymond,xkonto,Institutionen för filosofi
10a44652-813f-4060-a4cd-8b0f59627412,Ax O'Fallone,xkonto,Institutionen för matematiska vetenskaper
9625d84f-e88d-4d4a-8f7d-b45845fb75d1,Delia McRobb,xkonto,Programinstitutionen för Läkarprogrammet
34982907-7591-4150-a178-a4d7cb837f0f,Star Radnedge,xkonto,Institutionen för kost- och idrottsvetenskap
432bbf24-31ef-43de-8e2a-10589b618ff9,Dulcy Welband,xkonto,Institutionen för journalistik
11357569-64c0-45bc-8bb7-bf1f9859ff87,Ivy Boast,xkonto,Institutionen för litteratur
73ff8b03-725e-4ee4-9613-1d17b05fd206,Fergus Leonard,xkonto,Institutionen för neurovetenskap och fysiologi
f5677ea4-5085-4f3e-ac91-69edef6b9b24,Zebadiah Heinritz,xkonto,Institutionen för odontologi
b68dbd95-a736-41f3-8811-d42f5c75cb4d,Penni O'Spellissey,xkonto,Institutionen för svenska
a8f52ada-8443-4669-b715-ec6ab097001f,Ced O' Cloney,xkonto,Institutionen för svenska
cb8b615c-e57e-4434-b290-de9ee91631bc,Marissa Cunio,xkonto,Institutionen för socialt arbete
44441a73-45d9-44ae-a32c-8f82445560db,Hagen Jocelyn,xkonto,Institutionen för medicin
b0751b5e-4c28-4032-9018-080058295697,Gnni Garroch,xkonto,Institutionen för data- och informationsteknik
ed1eb2b6-2e01-459f-b691-ca5a758aa859,Candi Kornyshev,xkonto,Institutionen för sociologi och arbetsvetenskap
6bec891f-c6d9-4a89-8c7e-17ce7aff51b0,Winslow Holbury,xkonto,Serviceenheten
7f046151-7e07-46b7-89e6-a3efa943a42e,Josie Ramble,xkonto,Statsvetenskapliga institutionen
51c5135b-367d-40d2-bf17-3a9518cb0e63,Francesco Falck,xkonto,Institutionen för fysik
cf4396d6-dbe0-4235-927e-b889c09aa81a,Jakie Wallage,xkonto,Institutionen för filosofi
a72e08c8-7b65-4712-adf2-2aa49ebe3cf8,Cirstoforo Codi,xkonto,medier och kommunikation
2c709691-c0bb-4db9-ade5-d00deabd7c59,Pamelina Jermey,xkonto,HDK-Valand - Högskolan för konst och design
f5ed62f4-e4a0-40ef-bd01-d9478875f69d,Cordey Connochie,xkonto,lingvistik och vetenskapsteori
3d0cf8f4-4263-49a2-93e2-b210a2fab55d,Benyamin Kunat,xkonto,Institutionen för vårdvetenskap och hälsa
1c8ddfd1-4d10-4f7f-8a7d-83be002eacc5,Marjie Fern,xkonto,Institutionen för biomedicin
ff7f1c70-a3de-4e8d-ba41-35571eed27a2,Stephani Nelligan,xkonto,Institutionen för litteratur
06f0530c-517e-4bfb-8185-1e64a82cf3b8,Alisha Nye,xkonto,Institutionen för svenska
fd803a63-9886-4973-b0d7-95cb844ac565,Cindi Denning,xkonto,Institutionen för kliniska vetenskaper
d8077f2b-9756-4cb3-b6a9-91fe70866667,Lura Fellenor,xkonto,Institutionen för journalistik
f63c5d0a-0efb-4509-8b25-32cdf022819e,Lucius Betho,xkonto,Institutionen för medicin
180dda69-435f-404b-b8f1-61a7c3724b96,Hali Gunby,xkonto,Göteborgs universitetsbibliotek
37a90b40-94dc-4863-aa04-606ddecb3ecd,Ortensia Burnhard,xkonto,idéhistoria och religion
d3c15ad4-dfdb-4296-a328-0ae1c98d3224,Papageno Brydell,xkonto,lingvistik och vetenskapsteori
0805c0ae-1838-4ab7-b929-2ac10b8b0626,Demetris D'Cruze,xkonto,Psykologiska institutionen
88a5fb52-f94a-48c5-ba76-a1850cbbd76e,Clair Farris,xkonto,Institutionen för språk och litteraturer
e4ff95b0-c88f-4f76-b741-3a1649653748,Marylee Haldon,xkonto,Institutionen för journalistik
f2ba56fc-9aff-4d8d-8768-d936fa787119,Ernie Beven,xkonto,Programinstitutionen för Läkarprogrammet
a4331c06-1102-4176-979a-451722410422,Teri Calles,xkonto,Institutionen för biologi och miljövetenskap
abe0f05e-c3dd-4c1e-bac0-0435a9af856a,Jasper Sheirlaw,xkonto,Programinstitution för Ämneslärarprogrammet
a3dad794-a2ae-40c1-a303-8d1c07314460,Berte Bowering,xkonto,Institutionen för pedagogik
5c4cf108-9dbd-4b60-be94-4731f066b1b2,Hank Joysey,xkonto,Institutionen för svenska
992b4a07-238b-4bbf-a121-b144ededc108,Emelda Regenhardt,xkonto,Institutionen för kulturvård
e623b6fa-58e6-42ef-b99d-594b6b4b4899,Celine Boss,xkonto,Institutionen för språk och litteraturer
ea34daa5-4f62-4a9d-b886-737fa13205e6,Cariotta Scrowson,xkonto,Institutionen för marina vetenskaper
bcb5d580-04a8-45ad-93ca-bc70944c37f2,Alicea Vase,xkonto,Statsvetenskapliga institutionen
ffd0f6e1-47b2-4cae-8184-b7d1a1c1b418,Teddy Dubock,xkonto,Institutionen för svenska
e3f263b6-729a-4116-ad37-10456c69a30b,Goddart Masterman,xkonto,Institutionen för vårdvetenskap och hälsa
33a4a315-1c00-46f0-9369-7b850228a871,Freedman Swadling,xkonto,Institutionen för kliniska vetenskaper
edc657d1-e066-47ef-aea6-d412db24ee1c,Town Carnew,xkonto,Institutionen för odontologi
f54242a8-56f4-41b9-a60f-dc5b1125dac3,Verla Cornelissen,xkonto,Institutionen för kulturvård
20c27e1a-a65e-469b-a04e-33139b7ae930,Boot Meineken,xkonto,Institutionen för historiska studier
e267559a-e3b5-4071-b39d-976999ada0f3,Ricky Magwood,xkonto,Institutionen för historiska studier
51a22be6-a740-4733-b567-896619e10bba,Guendolen Pegrum,xkonto,Institutionen för historiska studier
1aebc7ae-4821-4d6c-96ee-1c179e0e5d99,Shannan Comins,xkonto,Göteborgs universitetsbibliotek
66204fe4-b6a6-4e1d-a93e-6526ce19d29d,Chrissie Foystone,xkonto,Institutionen för kulturvetenskaper
cfd8105b-67d3-4c73-91fc-0fd6a64e46a0,Dot Gerdes,xkonto,Institutionen för tillämpad informationsteknologi
007d7aca-ac98-4c84-9e4e-4a8283d6090b,Juliette Verne,xkonto,idéhistoria och religion
fea9351c-548a-41e6-9922-bf3ee7947abf,Emmalynn Dalglish,xkonto,Institutionen för kulturvetenskaper
cf25fbc8-a828-48b6-b8a4-934f2c7cfc3a,Englebert Gooding,xkonto,Institutionen för socialt arbete
06ef0f00-6f46-4c80-bf4c-949d1b2ab207,Travis Duckit,xkonto,Institutionen för biomedicin
afb549cf-dc93-4ebe-a853-adc133a93db8,Adolphe Lindenblatt,xkonto,Institutionen för fysik
32260c8b-905f-4495-8c92-976e3ba6cded,Fredericka Pettitt,xkonto,Programinstitutionen för Läkarprogrammet
7e4f7fc5-53e0-4f82-9f92-6d7643c12a2b,Lindie Grisenthwaite,xkonto,Institutionen för kulturvård
8db91521-643f-4b16-bb7f-404783d5c2d1,Barnard Guilloneau,xkonto,Högskolan för scen och musik
938820db-b941-427d-94a4-c32cdbb3b241,Conn Yerbury,xkonto,medier och kommunikation
cb720c1c-1266-4fa4-a095-f26f4488b71d,Sutherland Houdhury,xkonto,HDK-Valand - Högskolan för konst och design
e51b2091-b27b-469f-b622-55b417e92ffa,Erna Calderwood,xkonto,HDK-Valand - Högskolan för konst och design
65570c96-34ee-4e68-a5be-c6db657a12ec,Caitlin Elderfield,xkonto,Institutionen för tillämpad informationsteknologi
7c3883a8-58d3-49e4-a1e3-0f7a9cd9eaee,Adella Celez,xkonto,Institutionen för filosofi
468ab067-306a-4338-9be1-64c4101f0939,Otis Winterburn,xkonto,idéhistoria och religion
c341bb05-4851-49bb-8f53-aae94409cf8e,Zora Macak,xkonto,idéhistoria och religion
cd376374-f52e-47a0-a2a2-0e3c2846d1bf,Dalston Surgood,xkonto,Institutionen för tillämpad informationsteknologi
a8748b0a-bada-4bac-8619-55b4051c080b,Hernando Antram,xkonto,Göteborgs universitetsbibliotek
6e8a6a1d-0d0e-4299-9e73-bce4016913da,Jacques Peers,xkonto,Programinstitution för Ämneslärarprogrammet
78b6137d-0e69-4ea1-bed2-1447adeacf62,Louella Maior,xkonto,Institutionen för biomedicin
b755c928-01ab-451c-b069-e210953574d4,Killy Madoc-Jones,xkonto,Institutionen för historiska studier
e17f7807-ac7a-4919-a29d-38fd7b5120ae,Armand Twiddy,xkonto,Institutionen för matematiska vetenskaper
e302ed51-5432-4cdf-8df7-8781869be801,Ora Varian,xkonto,Institutionen för vårdvetenskap och hälsa
a0148635-d340-4dd9-8bf9-46c6290476cb,Cecilius Bolles,xkonto,Institutionen för kulturvetenskaper
682819f4-d53c-40f6-8cfa-e24a5d9f1e3d,Henri Alessandretti,xkonto,Förvaltningshögskolan
c99b7d18-b850-48a4-bacd-4783ed1ce8ca,Nolly MacRitchie,xkonto,Förvaltningshögskolan
4265c034-82ab-4d75-8786-345441442aa7,Florinda Umpleby,xkonto,flerspråkighet och språkteknologi
fa29dd65-bfe0-4967-acfc-785b8e3304e4,Teresa Reardon,xkonto,medier och kommunikation
e0e7f03e-aebc-4889-8dfe-74c7010419fb,Dorelia Kitchaside,xkonto,Gemensamma förvaltningen
dcea76c9-ec36-4c63-b472-46f0662db0fd,Layton Stoodale,xkonto,Förvaltningshögskolan
f90db0a9-667e-4dfa-ac50-3aa26ecc6bf7,Joellyn Knoles,xkonto,Institutionen för didaktik och pedagogisk profession
e8e6c282-d799-4011-86fd-64c3a2d49c57,Fay le Keux,xkonto,Institutionen för data- och informationsteknik
f61704ab-52e1-4a87-a61b-f84bca053132,Merola Wolvey,xkonto,Institutionen för matematiska vetenskaper
9ffd1168-5d68-4c11-bc6c-13fea65b0f4e,Kathrine Carnelley,xkonto,Institutionen för svenska
20554bb8-326c-4a3a-8e5a-ce7b802a5664,Angy Plowell,xkonto,Högskolan för scen och musik
cf459175-4e99-4048-8e0d-e6a77eb2200d,Bobina Sandeland,xkonto,Institutionen för sociologi och arbetsvetenskap
580ba964-a014-4b59-b79f-87eb4e2c7c72,Mildred Clinkard,xkonto,Programinstitutionen för Läkarprogrammet
ddc7df7c-70f0-422f-ba29-4371cd6ed800,Angelique Thompson,xkonto,Psykologiska institutionen
82dcff37-30ee-4d32-93c3-4173c6b8e794,Granger Goulborn,xkonto,Institutionen för data- och informationsteknik
636d0892-0aff-4ea5-81ee-1a3e34d42081,Tessy Haddick,xkonto,Institutionen för kulturvetenskaper
8980a3e0-3cbf-43f8-b3c5-9ea1053d6cb4,Evania Crossthwaite,xkonto,Institutionen för pedagogik och specialpedagogik
90e9bfe0-e3d1-45e0-a418-cba498850d7e,Milli Robbs,xkonto,Institutionen för vårdvetenskap och hälsa
4f540d13-0bec-47ba-91f9-be2c98d51158,Lissy Pull,xkonto,Institutionen för geovetenskaper
25cf4d6a-9ede-445e-b311-d6aefe6c1ed2,Madelon Lamont,xkonto,Institutionen för pedagogik
f4c3201c-c993-4943-925d-27c7dd9b6d11,Bran Glenton,xkonto,Institutionen för pedagogik
27deb267-cfd7-46cc-b302-6255b8acfcd6,Sibella Yexley,xkonto,Institutionen för kemi och molekylärbiologi
9a0fc8ca-0ba7-4afa-b003-f4f066d86c4a,Lothario Aylmore,xkonto,Högskolan för scen och musik
0a060901-1d2b-4471-952f-2526ffe91f8b,Latashia Firminger,xkonto,Institutionen för kulturvård
fbc68e02-7cdd-4d1a-a375-8864d11325ee,Tye Lenahan,xkonto,Serviceenheten
09505fac-4bc0-4dce-9245-67e0d206d169,Zorina Fairfull,xkonto,Institutionen för pedagogik och specialpedagogik
89112f12-14ad-42ed-afd8-8406c3e9fccb,Page Vany,xkonto,medier och kommunikation
98b7d05f-0be6-45a4-b97e-3b4c072be123,Sebastien Benesevich,xkonto,Institutionen för sociologi och arbetsvetenskap
7a262d64-ba09-4a81-b9aa-153307e6e7ae,Missie Strongman,xkonto,Institutionen för vårdvetenskap och hälsa
3496e497-24da-42f1-b48c-fc4f338c1e48,Hammad Burtwistle,xkonto,Programinstitutionen för Läkarprogrammet
994bd00b-7317-4821-be96-08571441bafe,Merrel Fredi,xkonto,HDK-Valand - Högskolan för konst och design
2e619cf5-c1c2-49b0-a721-df4621045c6b,Erek Wadelin,xkonto,Institutionen för svenska
c4b5717e-81a1-427d-8794-3653cda47b1e,Joshua Gottschalk,xkonto,Serviceenheten
d3f9f960-c6b4-4eb5-a0f5-5e37bdbba389,Elly Martinez,xkonto,Psykologiska institutionen
fd5a9b07-c17c-41ab-a45f-82ef54705762,Carmela Blacket,xkonto,Institutionen för kulturvetenskaper
7ab8015a-6301-48ad-b63e-2d7cfbf33a7d,Anny Lennie,xkonto,Institutionen för fysik
dab28601-c65c-45e8-baff-ce589987b46b,Filia Fransseni,xkonto,Institutionen för marina vetenskaper
39678cff-23ef-454a-a239-fef40e7861ea,Johnnie Seamons,xkonto,Institutionen för kulturvård
9e322a9c-d8b3-40d4-9704-cecb977000e4,Zara Duckels,xkonto,lingvistik och vetenskapsteori
d27b6505-98d4-4b21-8538-5b345190520a,Sergeant Heaney,xkonto,Gemensamma förvaltningen
6bbd6d71-06a5-49d8-8633-9ab733e8c8a6,Teodorico Claige,xkonto,Institutionen för matematiska vetenskaper
b4413453-376b-4992-8d42-1835cafea9e0,Dick Salleir,xkonto,Högskolan för scen och musik
6370da88-08bd-421d-bc79-5e0fe7080c28,Kacie Eldredge,xkonto,flerspråkighet och språkteknologi
da074276-0450-4e19-a0c7-f1bf522992f1,Ebba Heindrich,xkonto,Institutionen för litteratur
b0a1cee9-d89a-4e1c-8a8e-f999c982e4fa,Angel Cathesyed,xkonto,Programinstitution för Ämneslärarprogrammet
8f44454e-9c62-45ae-8dbc-d27052ecb970,Andriette Safhill,xkonto,Institutionen för vårdvetenskap och hälsa
caad6747-4f3c-45f7-9d1a-0576d4e94080,Elvera Shovelin,xkonto,Serviceenheten
13b78f6c-36a0-4511-abe9-b9b77bcc993d,Teddi McClymond,xkonto,Programinstitution för Ämneslärarprogrammet
bf747f3f-bc8a-4ac2-85df-f2656d2356d8,Anya Pudner,xkonto,flerspråkighet och språkteknologi
8854990a-4f4d-4912-b941-ec2f8bcbf8ab,Elisabet Paike,xkonto,Förvaltningshögskolan
87fd74fd-7d3b-494d-8e1f-38437a184f80,Domenic Heiden,xkonto,Institutionen för vårdvetenskap och hälsa
fde0e67c-d2fb-4c62-9d1a-cb4ecc03713d,Bambie Gillam,xkonto,Institutionen för neurovetenskap och fysiologi
83309984-f223-4ceb-ba7c-6f6c09f5c088,Laurette Spaight,xkonto,Serviceenheten
1123f1d1-5724-43e8-add9-e9e8f90e5385,Orson Bennallck,xkonto,Institutionen för neurovetenskap och fysiologi
3cf8b805-42b1-49da-bc06-ea280090673b,Kort Wessel,xkonto,Institutionen för filosofi
0460d8b6-bce2-4efd-96e2-ea62b9a3b79f,Gerhard Treat,xkonto,Institutionen för sociologi och arbetsvetenskap
3f229550-6990-4fa1-b33b-3d36e5ca7d9c,Dorothee Hamner,xkonto,Institutionen för filosofi
3631ea6a-3ac0-4109-ad91-65ecc98e4852,Lyell Gero,xkonto,flerspråkighet och språkteknologi
cd3b7ec9-2a03-43c5-ab0b-6252bd9f9aff,Ketti Mcimmie,xkonto,Serviceenheten
cec1cc14-4881-4895-b683-008a0bf8af6c,Thayne Gorhardt,xkonto,Förvaltningshögskolan
5da253c7-6bc6-4baa-9e18-a9cc4c3655b6,Binni Rosettini,xkonto,Programinstitution för Ämneslärarprogrammet
14d9df3e-cd64-4c7a-919e-c656f1fc1c17,Kelcy Uman,xkonto,Institutionen för neurovetenskap och fysiologi
95c87dba-8a28-4f2d-a3b1-8a4a1716d83c,Nissy Libreros,xkonto,Institutionen för socialt arbete
ab0b6c63-7be1-44c6-a2c5-72546b51a93c,Willy Adrianello,xkonto,HDK-Valand - Högskolan för konst och design
f58deeb4-aa86-4514-b614-31a0e8a87100,Karole Cawthorne,xkonto,Institutionen för svenska
379e3ab1-365b-4433-a88a-142bb65855f7,Cissy Justis,xkonto,flerspråkighet och språkteknologi
343de37a-9901-42a0-8362-083c9128938c,Rosalind Varey,xkonto,Institutionen för kemi och molekylärbiologi
2a8a4522-4233-4771-9783-21c05e5e52b6,Jemmy Duckering,xkonto,medier och kommunikation
675b173a-7f4f-46e2-8834-1d214a228f69,Morley Orrah,xkonto,lingvistik och vetenskapsteori
7711d0e0-1a11-4400-826c-b9e1fe7a0e5a,Gannon Kinglesyd,xkonto,Institutionen för matematiska vetenskaper
7d277be8-d0a3-49a0-b805-a60e2da6dbc1,Estelle Cohr,xkonto,Institutionen för svenska
89d4a60c-75c6-430d-8221-348704979439,Adeline Ridde,xkonto,Institutionen för tillämpad informationsteknologi
27cfc298-405a-4ec0-92f4-1823e6dc20e5,Shem Abels,xkonto,Institutionen för fysik
98f1c042-5194-4834-b286-fceea78cd398,Jazmin Vizor,xkonto,Institutionen för tillämpad informationsteknologi
e44881e4-f487-4493-8c36-660a2429518a,Pippy Krink,xkonto,Institutionen för fysik
447b2863-9c4c-4796-a069-909935617316,Markos Perfect,xkonto,Institutionen för marina vetenskaper
d46e3088-f443-4e2f-b535-c627afdd88e9,Vi Challens,xkonto,Institutionen för odontologi
fc889b21-702a-497c-8b05-f60e168f3e73,Gene Cranton,xkonto,Institutionen för pedagogik
4de67b86-3e18-40ed-b22c-2d6c43a5d72f,Benton Culross,xkonto,Institutionen för marina vetenskaper
4bf8469d-a156-4f3f-b832-72665e81e2b3,Dave Twinborough,xkonto,Institutionen för språk och litteraturer
8b767def-54a6-4176-8e96-e194b9689f05,Timmi Wayne,xkonto,Institutionen för historiska studier
852956b5-1c8b-4bf7-8a8f-83e9c718663c,Leda Marlen,xkonto,Institutionen för pedagogik
1015f348-b49a-4740-a254-a6b5bb3770e3,Ivor Screech,xkonto,Statsvetenskapliga institutionen
df589eed-437a-424e-bace-b9cb34bbb242,Warden Flowith,xkonto,Institutionen för fysik
3e4e4bd5-83d8-4ca5-b717-1a30c9519d3a,Field Brashaw,xkonto,Institutionen för biologi och miljövetenskap
2df31a5d-e1af-433c-9276-0528d2134d5a,Philly Ander,xkonto,Institutionen för pedagogik och specialpedagogik
8cab2d71-6181-436d-b0cd-9919bfad3980,Merline Tellenbroker,xkonto,Gemensamma förvaltningen
cb384f84-f2b1-484a-b065-d1489cce6068,Bernie Lehrle,xkonto,Institutionen för neurovetenskap och fysiologi
0f2d9523-0154-4e3e-bd45-12e3cba6434d,Kaylil MacLardie,xkonto,Förvaltningshögskolan
939dcc74-3fa2-4ffe-a2ae-12c49e70bec2,Granny Garbott,xkonto,Institutionen för geovetenskaper
d3b8547e-392f-4945-9920-74b13af0da0f,Cristi Hegerty,xkonto,kommunikation och lärande
15244fff-dbad-45d2-b15b-cc7711638d75,Kriste Fort,xkonto,Serviceenheten
f1431144-97ed-4906-a7e1-264170aa53b9,Abraham Mattek,xkonto,Institutionen för marina vetenskaper
e9d50a1b-2869-44ce-8370-dd8470323b22,Nola Billo,xkonto,Gemensamma förvaltningen
8ea34f20-8532-46cc-8d3e-5f2ca0bb1b31,Ferdy Margrett,xkonto,Institutionen för kliniska vetenskaper
4e61fcec-eb46-4f1e-a304-db36abb1c846,Hewett Fairbank,xkonto,Institutionen för svenska
5247e2cb-0ea4-496b-b631-8745717edfb9,Nilson Maxfield,xkonto,Institutionen för matematiska vetenskaper
93309959-990d-4a6f-89e4-47ed56fa21d1,Fancie Dominichelli,xkonto,Programinstitutionen för Läkarprogrammet
0832c33f-927f-494c-b1d8-469a06341380,Gwen Farryn,xkonto,Institutionen för vårdvetenskap och hälsa
67ec4962-5507-40d6-9449-3bc340297ea8,Othilia Conrath,xkonto,Programinstitutionen för Läkarprogrammet
dbed2724-6669-48c6-a069-a2f049fb2412,Liesa Favelle,xkonto,Institutionen för biomedicin
dd378df3-1c2f-4dc4-8164-11020eaf335a,Vick Tolchard,xkonto,Institutionen för filosofi
508ba7de-85b3-44cd-a3a2-e6890db007fc,Mandy Napolione,xkonto,lingvistik och vetenskapsteori
a11cf29d-1aa0-403a-8eb0-76f1cefdd073,Alayne Crimin,xkonto,Gemensamma förvaltningen
434439fb-1dd7-433a-ba32-9b0c562300b6,Bevon Harrill,xkonto,flerspråkighet och språkteknologi
d71fa077-4e17-4ad3-b67d-eb66bf67cd4c,Peggi Winnard,xkonto,Institutionen för historiska studier
d9fa4ac6-4333-46b8-acc1-b4cb164b23c0,Tamra Baile,xkonto,Gemensamma förvaltningen
e45d9cf6-8af5-4b8f-968f-e80c9bb1f017,Inga Lawee,xkonto,Institutionen för didaktik och pedagogisk profession
994c6b31-b7f2-4a89-bb37-ee80d00b09b2,Halsey Billington,xkonto,Institutionen för socialt arbete
7562aa05-0340-4fa7-82c8-bb566fa98667,Kaylil Dorkin,xkonto,Institutionen för tillämpad informationsteknologi
65f885ca-0892-40f0-ad2e-94ca4861bbdd,Lizette Ware,xkonto,Institutionen för svenska
042ae8b1-6663-4495-8d88-6c8ac071e855,Tommy Taunton,xkonto,Institutionen för språk och litteraturer
58ac664b-54df-40ea-80a6-5ef2aaf80e61,Stearn Van den Velden,xkonto,Göteborgs universitetsbibliotek
21264dc4-d316-4d8c-9777-beb4ba85d7d6,Bram Purple,xkonto,Institutionen för socialt arbete
ce2e7a67-b00b-4622-9ee2-01a7f2290227,Cyril Thebeaud,xkonto,Institutionen för språk och litteraturer
8ea9150f-d201-4481-b80f-d1781e5fa2ca,Diahann Perrin,xkonto,Institutionen för data- och informationsteknik
2818ddcf-2b6e-4b6d-8094-0baccae73cd8,Massimo Klezmski,xkonto,Institutionen för matematiska vetenskaper
fc074ca7-3fe0-4cfa-91eb-60a0b25abb77,Caroline MacRinn,xkonto,medier och kommunikation
ca4d4938-7443-47b5-8a9f-c5b0ee2a22c9,Sashenka Hamner,xkonto,Institutionen för sociologi och arbetsvetenskap
aff15f0b-0776-481e-aec0-538d6d4d573a,Wini Timoney,xkonto,Institutionen för geovetenskaper
f97b698f-4906-48ae-923f-0899e21dbdca,Walliw Larvent,xkonto,Institutionen för tillämpad informationsteknologi
d55db7db-77f8-44bc-8b81-d880239b80fd,Jannel Cumbes,xkonto,Institutionen för vårdvetenskap och hälsa
eee02449-cd74-4f2d-b06f-3bbcf3cb5f2d,Ellyn Beardow,xkonto,Förvaltningshögskolan
e23fcbd3-6c4c-447f-8a32-d473e04b2285,Danya Leyre,xkonto,Institutionen för kliniska vetenskaper
9f16d1f6-3a9c-4212-b033-a98c29ce3f9c,Frederique Vicent,xkonto,Institutionen för biologi och miljövetenskap
58c0f5a6-dfca-4ccd-960e-fc2fc69b8e37,Saudra Britner,xkonto,Institutionen för kost- och idrottsvetenskap
61fc1a85-7c8c-4b1c-a6b6-2e7846548853,Aymer Simonel,xkonto,Göteborgs universitetsbibliotek
00acc16c-53c1-48fa-a30e-87b0167ac5d4,Mozes Gasgarth,xkonto,Institutionen för litteratur
363cea9b-2c24-43b0-aa39-4230a2d0ee74,Tisha Van Geffen,xkonto,Institutionen för kemi och molekylärbiologi
22d3e506-7da6-4ee9-9f45-4a1afc8d6e06,Lonee Garrod,xkonto,Statsvetenskapliga institutionen
a20d0a2d-c459-4195-bfa3-a1bc623bfdfb,Nollie Jerram,xkonto,Institutionen för kliniska vetenskaper
8ef4138c-f030-40c6-81d5-8882d6c82262,Lissie Heritege,xkonto,idéhistoria och religion
05b594c1-cc20-490a-8abf-2321fe9cda8d,Emanuel Kingsland,xkonto,Institutionen för kulturvetenskaper
f882d8d9-dc90-4610-a2f9-58fa74e17636,Sharleen Leggatt,xkonto,Serviceenheten
8bf1ab4b-b68b-4066-9457-b1eee7f727da,Kaleb Crocker,xkonto,Institutionen för sociologi och arbetsvetenskap
7a1ceb1c-ec9a-4f8f-83be-236b7fbc2eb0,Brande Stoddard,xkonto,Institutionen för tillämpad informationsteknologi
27b4c608-242c-419f-97b8-c3f9f0d27d34,Orly Wills,xkonto,Institutionen för kost- och idrottsvetenskap
5bb674e2-82d3-4dcd-9041-f83457cdb174,Curtice Ash,xkonto,Statsvetenskapliga institutionen
4655867c-d481-422b-a7c6-5e7beaf52e5c,Lonnard Brain,xkonto,Institutionen för filosofi
df9ad2f0-e518-4694-95a4-bb5307c843d3,Ken Buncher,xkonto,Institutionen för kulturvård
15f93f13-aa06-4e74-8dcf-2fc1e4e9d1f4,Coreen O'Kelly,xkonto,Institutionen för kost- och idrottsvetenskap
d4141fcd-4393-47c7-887e-9240bb34d150,Arlinda Crossman,xkonto,Institutionen för pedagogik och specialpedagogik
9399c79d-c985-4a99-a396-a89848eb863c,Pasquale MacQueen,xkonto,Institutionen för svenska
299f4a4e-ac5d-4f53-9afd-14f03dc3ac28,Kayle Mugleston,xkonto,Institutionen för marina vetenskaper
ec9ca9d6-9c21-484e-a4dd-3af21bb0f23c,Hugo Broadberry,xkonto,Institutionen för medicin
ae323db1-9486-45cc-bca6-cc996296a14f,Ethelind Ducket,xkonto,Högskolan för scen och musik
f7065af1-feb9-47df-8a6e-d49f9966fa16,Gayla Swarbrick,xkonto,Institutionen för biomedicin
38fa9eea-4db1-4fc6-90af-3185ae00dd4a,Orran Cudby,xkonto,Institutionen för språk och litteraturer
27a176c7-8001-4afa-89a6-7e8ccabd4d2a,Marga Anglim,xkonto,HDK-Valand - Högskolan för konst och design
72a1328b-18bb-4b2d-bcfb-c3aec4aa2d3f,Cornelia Gripton,xkonto,Institutionen för kemi och molekylärbiologi
80107898-f0c1-45b0-b8b4-9a22a6754c7c,Mikael Goburn,xkonto,lingvistik och vetenskapsteori
dd5f77d4-ed21-442a-be06-9957498297ec,Rozele Brundill,xkonto,Institutionen för odontologi
a92c2ccc-18c8-4e2d-a0a7-40a2a691cf74,Franklyn Ensor,xkonto,Institutionen för odontologi
44e42dff-03bb-4397-be36-c5260b951a85,Danie Busson,xkonto,Programinstitutionen för Läkarprogrammet
5670c575-071d-4b64-beb3-3c1d49fd5062,Benita Rawkesby,xkonto,Institutionen för historiska studier
ecfc2775-f108-45cb-9c99-e4bf4d0a7944,Yolanthe Fawdery,xkonto,HDK-Valand - Högskolan för konst och design
e1589d21-45d3-4a53-b623-5b9b86fcb9a4,Ofella Yare,xkonto,Institutionen för historiska studier
b4b07398-732d-456e-9471-05b4b2fcd065,Analiese Merioth,xkonto,medier och kommunikation
e844525c-40e0-4839-9e9f-3f1fcc94a1b0,Tynan Empleton,xkonto,Institutionen för journalistik
8c13f5ac-2303-4cab-91f6-053841fe96e3,Gracia Bedward,xkonto,lingvistik och vetenskapsteori
ab406956-6e66-40d4-a060-12f1130229c1,Urban Winsper,xkonto,Gemensamma förvaltningen
2cc41be5-fa74-458d-8ad0-e2f32299ef3e,Francois Gudd,xkonto,Institutionen för matematiska vetenskaper
e361d831-78f2-46d3-971a-ace878c2f989,El Sartain,xkonto,Programinstitution för Ämneslärarprogrammet
9cf67310-46cf-49bb-9ded-3a35f735bf7c,Kayle Haselden,xkonto,Institutionen för marina vetenskaper
a7c04049-5ae9-4b00-aacc-43a92117220c,Devlen MacDunlevy,xkonto,Institutionen för matematiska vetenskaper
da2cbf8e-54ed-4721-830f-c5c711434db4,Rouvin Edgcombe,xkonto,Statsvetenskapliga institutionen
5cf9a2fd-b711-4519-91df-8404644acd8d,Ethelred Stickins,xkonto,Psykologiska institutionen
1382f8dc-c8c6-4a83-95ed-6f414bd41843,Bridgette Kierans,xkonto,medier och kommunikation
9750c649-652d-42d5-aa78-7c91058f6efb,Halley Simmens,xkonto,Institutionen för biologi och miljövetenskap
8b2f21d6-07f2-4bc8-8e99-8d7f61b88ee0,Obidiah Paulisch,xkonto,Institutionen för medicin
5f43c589-06aa-4e12-a25b-a7aa11c80612,Anjanette Kirkpatrick,xkonto,medier och kommunikation
668557ee-5176-4df9-841f-dc422871157f,Elmore Szymanowicz,xkonto,Institutionen för geovetenskaper
53850386-e727-43c4-b7f5-c8ce529a0f61,Bess Alcorn,xkonto,Institutionen för historiska studier
a94f4be1-1f7e-49c1-b468-3cf789179848,Linc todor,xkonto,Institutionen för kulturvård
e39432a8-a3ce-48e4-8ca5-bd02567c423e,Marcus Vinten,xkonto,Statsvetenskapliga institutionen
18e3c51a-1039-4027-8bcf-2eb57bde51f4,Waldemar Langdon,xkonto,Institutionen för pedagogik och specialpedagogik
e2973ba8-448a-425c-8bf6-544a067ca2ed,Rafaelita Simoes,xkonto,Statsvetenskapliga institutionen
907cba6f-a636-4fb9-a9ac-978a36e9ddb7,Mickey Franks,xkonto,Institutionen för svenska
d74d7934-1562-45a5-9240-6b78632ed4de,Aggy Doodney,xkonto,Institutionen för fysik
ab3497b7-faa6-497a-adde-8f30d8098dfa,Hewitt Nairn,xkonto,Institutionen för kliniska vetenskaper
2cb61352-ad21-4512-82fd-afc91289c662,Konstantine Townes,xkonto,Programinstitutionen för Läkarprogrammet
804391ce-a968-4251-b10a-c2fe95b0cbc2,Danette Hunte,xkonto,Institutionen för filosofi
434cf58e-8fb5-4ce3-9c05-0058af0389e1,Jeniffer Burgher,xkonto,Institutionen för biomedicin
840cc24b-4920-4713-a4b0-cc93280e6092,Karil Ottam,xkonto,Institutionen för odontologi
2395c930-f714-4622-8e56-6e6f24f0378e,Oneida O'Crowley,xkonto,Institutionen för kulturvetenskaper
885abbcb-c6c4-4291-9fca-961e2b25aa20,Mavra Vanner,xkonto,Institutionen för språk och litteraturer
26d0812d-09aa-4983-80eb-bdd5db661c61,Anabelle Murname,xkonto,Institutionen för socialt arbete
9d81058c-0195-4439-aa79-14dddb9f5042,Dorelia Arton,xkonto,Förvaltningshögskolan
3bcc7438-7620-4cb4-8776-59d541366175,Thorpe Munnings,xkonto,Programinstitution för Ämneslärarprogrammet
d012e1aa-6bd8-409c-b4ba-315175b61d49,Ric Axe,xkonto,Institutionen för journalistik
f4f1f4a1-e55e-4b69-9619-973e03a5b4ac,Sophi Tallman,xkonto,Institutionen för litteratur
98e4d391-2bf8-4a8b-ba6e-375492ec9f63,Lil Haney`,xkonto,Institutionen för journalistik
bf4a0e4d-3d30-4eab-bcee-f927b5b27783,Freeland Mateja,xkonto,Institutionen för vårdvetenskap och hälsa
983ed4d0-ea04-471a-a6e0-0e57a2e9a42c,Sydel Dufty,xkonto,Högskolan för scen och musik
691c79d6-2230-4790-b42a-d40718b55d25,Pen Razoux,xkonto,Institutionen för socialt arbete
af638055-ce56-43e5-b62a-5979d03d7aa6,Boycie Pease,xkonto,Institutionen för marina vetenskaper
397d62dc-0ab7-451b-94f7-37ceb8852ca7,Melisa Kasbye,xkonto,Institutionen för kulturvetenskaper
3376d809-d760-463d-a8e1-3b28de097440,Fons Blazeby,xkonto,medier och kommunikation
69c3bd9c-7f9b-4cd3-afb4-b03d562aaa11,Darcy Bortoloni,xkonto,Statsvetenskapliga institutionen
d77b2939-8af3-408a-9ee7-757fd1360acf,Elroy Motto,xkonto,Institutionen för svenska
5c9b9bd8-51d6-4951-b3d5-10552a631151,Angeline Palffrey,xkonto,HDK-Valand - Högskolan för konst och design
56d7d772-ee75-4042-bda5-7064af3426ee,Scotty Renton,xkonto,Institutionen för journalistik
22307508-f481-4cc2-84a5-93e6e2426b8a,Caryl Hardiker,xkonto,Institutionen för filosofi
773e76f8-f926-400f-968f-651ca93261a4,Mallissa Kabisch,xkonto,Gemensamma förvaltningen
38aca49f-81b4-4027-9f94-5b071561804e,Gwenni Aitchison,xkonto,Institutionen för journalistik
241f6685-57e1-4e77-aeeb-eba913b87f1f,Ellyn Exposito,xkonto,Förvaltningshögskolan
6bd710fe-bdcc-4d74-96f3-5cf59facb7f4,Irving Phillipp,xkonto,Institutionen för globala studier
d38b185d-346d-40fd-b8b9-f836ecf9a6c5,Bernardo Gue,xkonto,Gemensamma förvaltningen
b3e45039-d3af-43f1-9c71-26c90d90dcf9,Kirstyn Lorenzetti,xkonto,HDK-Valand - Högskolan för konst och design
4076a0e7-4cf6-409a-929a-8e50c0d68445,Thedrick Dumsday,xkonto,Institutionen för kost- och idrottsvetenskap
fa5af2bf-8f8d-44de-8deb-0bdf8bce1e67,Nadine Hallagan,xkonto,HDK-Valand - Högskolan för konst och design
97d8ef9f-06ac-4279-8e34-9de97c87f3d3,Brana Bax,xkonto,Serviceenheten
1bfb7f8f-b814-4549-9aca-aa99d8d9e61d,Marlo Ferrari,xkonto,Institutionen för filosofi
c9628d21-e5b1-44ed-990b-dc930b39051e,Carilyn Sayles,xkonto,Institutionen för globala studier
2d32ab52-1890-4b93-989b-9b42856ed340,Allyson Uc,xkonto,Institutionen för kulturvetenskaper
2b1aadfe-9c68-4447-a593-b16e62544db7,Alfy Cowell,xkonto,lingvistik och vetenskapsteori
931eb0a3-6638-470b-96b6-3fb61566a8dc,Jessey Hopkins,xkonto,Programinstitutionen för Läkarprogrammet
b5384184-545f-474f-9a66-e5cfebf7d8bb,Ewell Durtnall,xkonto,medier och kommunikation
0cc1ac03-4632-4aee-aaf9-81cac57f0f7a,Jone Setchell,xkonto,Statsvetenskapliga institutionen
4766ede9-643f-4963-8fad-f493adc7fcde,Kleon Benner,xkonto,Psykologiska institutionen
3371fd43-a938-4c40-bad5-c0974d248dd7,Johann Hauch,xkonto,kommunikation och lärande
ab588f52-b476-45e8-a890-c0dd4f27367e,Zolly Vogeler,xkonto,Institutionen för journalistik
e4c2432c-d3de-4f7d-9917-6954d665f129,Consuelo Frankowski,xkonto,Institutionen för kost- och idrottsvetenskap
0c2e91f7-626c-47f3-bf90-030467ce661c,Tracy Drewitt,xkonto,Institutionen för tillämpad informationsteknologi
6b5a5ed1-7c54-4997-a65e-7081bbd0633a,Bendick Cabera,xkonto,Institutionen för pedagogik och specialpedagogik
0b768ded-9cb4-48c6-a373-793a7468f72b,Nicolette Hedlestone,xkonto,Högskolan för scen och musik
e1ab1563-de10-4567-96b9-5dc600aee4f7,Allianora Dommersen,xkonto,medier och kommunikation
5941c78b-c631-453c-9a2f-ed857b751136,Allen Cleeton,xkonto,kommunikation och lärande
bb9c5020-576d-4966-a720-ca9a18a3aa4c,Skell Ruby,xkonto,Programinstitution för Ämneslärarprogrammet
2053063a-e051-4066-a78a-d6d70763c891,Willem Hablot,xkonto,Institutionen för biomedicin
3b64bf66-1039-4fdd-bbe9-b357a043d2e9,Hamid Izzatt,xkonto,Institutionen för matematiska vetenskaper
515f2250-16c9-48e9-93fd-7fda3a0fa61f,Caroline Jancy,xkonto,Institutionen för globala studier
